Name,Size,Type,Tag,Alignment,Fly/Hover/Swim,CR,Source book,Source page,Spell user,Legendary actions,Lair actions,Abilities,Actions,Reaction,Arctic,Coastal,Desert,Forest,Grassland,Hill,Mountain,Swamp,Underdark,Underwater,Urban,Other,,Credits
Aarakocra,Medium,Humanoid,Aarakocra,Neutral good,,1/4,MM,12,n,n,n,,,,,,,,,,x,,,,,,,https://aversten.obsidianportal.com/wiki_pages/tome-of-beasts
Aatxe,Large,Celestial,Shapechanger,Lawful good,,5,CC,7,n,y,y,,,,,,,,,,,,,,,,,
Aaztar-ghola,Medium,Humanoid,,Chaotic evil,,4,FEF,5,n,n,n,,,,x,x,x,x,x,x,x,x,x,,x,,,https://donjon.bin.sh/5e/monsters/
Abjurer,Medium,Humanoid,Any Race,Any alignment,,9,VGtM,209,y,n,n,,,,,,,,,,,,,,x,,,
Aboleth,Large,Aberration,,Lawful evil,,10,MM,13,n,y,y,,,,,,,,,,,,x,,,,,/u/Pinkknight42
"Aboleth, Nihileth",Large,Undead,,Chaotic evil,,12,ToB,8,n,y,y,,,,,,,,,,,,ø,,,ø,,/u/the_largest_rodent
Abominable Beauty,Medium,Elemental,,Neutral evil,,11,ToB,11,n,n,n,,,,,,,,,,,,,,,ø,,
Abominable Yeti,Huge,Monstrosity,,Chaotic evil,,9,MM,306,n,n,n,,,,x,,,,,,,,,,,,,"All the ""homebrew"" sources can be found here"
Abyssal Wretch,Medium,Fiend,Demon,Chaotic evil,,1/4,MToF,136,n,n,n,,,,,,,,,,,,,,,ø,,https://drive.google.com/open?id=1gKZwbVwWOMfL8-HMHDDv3JevSnuB-wbs
Accursed Defiler,Medium,Undead,,Neutral evil,,4,ToB,12,n,n,n,,,,,,ø,,,,,,,,,,,x means the creature is on the Monster By Enviroment List in the official D&D books
Acererak,Medium,Undead,,Neutral evil,,23,ToA,209,y,y,n,,,,,,,,,,,,,,,,,"ø is my personal interpretation of where they might be found, derived from their fluff description"
Acid Ant,Small,Monstrosity,,Unaligned,,1/4,CC,8,n,n,n,,,,x,x,x,x,x,x,x,x,x,x,x,,,
Acolyte,Medium,Humanoid,Any Race,Any alignment,,1/4,MM,342,y,n,n,,,,,,,,,,,,,,x,,,MM - Monster Manual 5e
Adherer,Medium,Aberration,,Lawful evil,,2,FEF,6,y,n,n,,,,,,,x,,,,x,x,,,,,VGtM - Volo's Giude to Monsters
Adult Black Dragon,Huge,Dragon,,Chaotic evil,,14,MM,88,n,y,y,,,,,,,,,,,x,,,,,,ToB - Tome of Beasts 5e
Adult Blue Dracolich,Huge,Undead,,Lawful evil,,17,MM,84,n,y,n,,,,,,,,,,,,,,,ø,,MaDC - Monster a Day Compendium 2.0 - Homebrew
Adult Blue Dragon,Huge,Dragon,,Lawful evil,,16,MM,91,n,y,y,,,,,x,x,,,,,,,,,,,LMoP - Lost Mines of Phandelver
Adult Brass Dragon,Huge,Dragon,,Chaotic good,,13,MM,105,n,y,y,,,,,,x,,,,,,,,,,,HotDQ - Hoard of the Dragon Queen
Adult Bronze Dragon,Huge,Dragon,,Lawful good,,15,MM,108,n,y,y,,,,,x,,,,,,,,,,,,RoT - Rise of Tiamat
Adult Cave Dragon,Huge,Dragon,,Neutral evil,,16,ToB,125,y,y,y,,,,,,,,,,,,ø,,,,,PotA - Princes of the Apocalypse
Adult Copper Dragon,Huge,Dragon,,Chaotic good,,14,MM,111,n,y,y,,,,,,,,,x,,,,,,,,OotA - Out of the Abyss
Adult Faerie Dragon,Tiny,Dragon,,Chaotic good,,2,MM,133,y,n,n,,,,,,,x,,,,,,,,,,CoS - Curse of Strahd
Adult Flame Dragon,Huge,Dragon,,Chaotic evil,,16,ToB,129,n,y,y,,,,,,,,,ø,ø,,,,,,,SKT - Storm King's Thunder
Adult Gold Dragon,Huge,Dragon,,Lawful good,,17,MM,114,n,y,y,,,,,,,x,x,,,,,,,,,FEF - Fifth Edition Monsters
Adult Green Dragon,Huge,Dragon,,Lawful evil,,15,MM,94,n,y,y,,,,,,,x,,,,,,,,,,ToA - Tomb of Annihilation
Adult Kruthik,Medium,Monstrosity,,Unaligned,,2,MToF,212,n,n,n,,,,,,x,,,,x,,x,,,,,MToF - Mordenkainen's Tome of Foes
Adult Light Dragon,Huge,Dragon,Dragon,Neutral good,,16,CC,114,n,y,y,"Ethereal Sight, Illumination, Incorporeal Movement, Legendary Resistance, Void Traveler","Multiattack, Bite, Claw, Tail, Frightful Presence, Breath Weapon",,,,,,,,,,,,,,,GGtR - Guildmasters' Guide to Ravnica
Adult Mithral Dragon,Huge,Dragon,,Neutral,,14,ToB,133,y,y,n,,,,,,,,,,,,ø,,,,,WDotMM - Waterdeep - Dungeon of the Mad Mage
Adult Oblex,Medium,Ooze,Oblex,Lawful evil,,5,MToF,218,y,n,n,,,,,,,,,,,x,x,,x,,,CC - Creature Codex
Adult Phoenix,Large,Monstrosity,,Lawful good,,10,MaDC,162,y,n,n,,,,,,ø,,,,ø,,,,,,,
Adult Red Dragon,Huge,Dragon,,Chaotic evil,,17,MM,98,n,y,y,,,,,,,,,x,x,,,,,,,
Adult Rime Worm,Large,Elemental,,Neutral,,6,ToB,327,n,n,n,,,,ø,,,,,,,,,,,,,
Adult Sea Dragon,Huge,Dragon,,Neutral evil,,16,ToB,135,n,y,y,,,,,,,,,,,,,ø,,,,
Adult Silver Dragon,Huge,Dragon,,Lawful good,,16,MM,117,n,y,y,,,,,,,,,,x,,,,x,,,
Adult Void Dragon,Huge,Dragon,,Chaotic neutral,,14,ToB,139,n,y,y,,,,,,,,,,,,,,,ø,,
Adult Wasteland Dragon,Huge,Dragon,Dragon,Chaotic evil,,17,CC,119,n,y,y,Legendary Resistance,"Multiattack, Bite, Claw, Frightful Presence, Warped Energy Breath",,,,,,,,,,,,,,,
Adult White Dragon,Huge,Dragon,,Chaotic evil,,13,MM,101,n,y,y,,,,x,,,,,,,,,,,,,
Adult Wind Dragon,Huge,Dragon,,Chaotic neutral,,17,ToB,143,y,y,y,,,,,,,,,,ø,,,,,,,
Aerial servant,Medium,Fiend,,Neutral,,9,FEF,7,n,n,n,,,,,,x,,x,,x,,,,,,,
Aerisi Kalinoth,Medium,Humanoid,Elf,Neutral evil,,7,PotA,193,y,n,n,,,,,,,,,,,,,,,,,
Aerisi Kalinoth (with Lair Actions),Medium,Humanoid,Elf,Neutral evil,,9,PotA,193,y,n,y,,,,,,,,,,,,,,,,,
Agnibarra,Small,Monstrosity,,Chaotic neutral,,1,CC,9,n,n,n,,,,,,,,,,x,,,,,,,
Ahmaergo,Medium,Humanoid,Dwarf,Lawful evil,,9,WDH,193,n,n,n,,,,,,,,,,,,,,ø,,,
Ahu-Nixta,Large,Aberration,,Neutral evil,,3,CC,11,y,n,n,,,,,,,,,,,,,,,,,
Ahuizotl,Small,Monstrosity,,Unaligned,,2,CC,10,n,n,n,,,,,,,,,,,,,,,,,
Air Elemental,Large,Elemental,,Neutral,,5,MM,124,n,n,n,,,,,,x,,,,x,,,,,,,
Air Elemental Myrmidon,Medium,Elemental,,Neutral,,7,PotA,212,n,n,n,,,,,,ø,,,,ø,,,,,,,
Air Elemental Myrmodon,Medium,Elemental,,Neutral,,7,MToF,202,n,n,n,,,,,,ø,,,,ø,,,,,,,
Al-Aeshma,Large,Elemental,Genie,Chaotic evil,,9,ToB,211,y,n,n,,,,,,ø,,,,,,,,,ø,,
Ala,Medium,Fey,,Chaotic evil,,8,ToB,13,n,n,n,,,,,,,ø,,,,ø,,,,,,
Alabasta Tree,Huge,Celestial,Planar Flora,Neutral good,,7,CC,301,n,n,n,,,,,,,,,,,,,,,,,
Albino Death Weasel,Large,Beast,,Unaligned,,1,CC,374,n,n,n,,,,,,,x,x,,,,,,,,,
Albino Dwarf Warrior,Medium,Humanoid,Dwarf,Any alignment,,1/4,ToA,210,n,n,n,,,,,,,,,,,,,,,,,
Alchemical Apprentice,Small,Ooze,,Unaligned,,1,CC,281,n,n,n,,,,,,,,,,,,,,x,,,
Alchemical Golem,Large,Construct,,Unaligned,,9,CC,192,n,n,n,"Alchemical Infusion, Elemental Expulsion, Immutable Form, Magic Resistance, Magic Weapons","Multiattack, Slam, Poison Breath",,,,,,,,,,,,,,,
Alchemist Archer,Medium,Humanoid,Elf,Any,,10,CC,141,n,n,n,"Alchemical Arrows, Fey Ancestry, Hunter's Aim","Multiattack, Scimitar, Longbow",,,,,,,,,,,,,,,
Alchoon,Medium,Undead,Mindflayer,Any evil,,10,VGtM,172,y,n,n,,,,,,,,,,,,x,,,,,
Aldani ,Medium,Monstrosity,Lobsterfolk,Lawful neutral,,1,ToA,210,n,n,n,,,,,ø,,,,,,,,ø,,,,
Alehouse Drake,Tiny,Dragon,,Chaotic neutral,,1/2,ToB,148,y,n,n,,,,,,,,,,,,,,ø,,,
Algoid,Medium,Plant,,Neutral,,3,FEF,8,n,n,n,,,,,,,x,,,,x,,,,,,
Algorith,Medium,Celestial,,Lawful neutral,,10,ToB,14,n,n,n,,,,,,,,,,,,,,,ø,,
Alkilith,Medium,Fiend,Demon,Chaotic evil,,11,MToF,130,n,n,n,,,,,,,,,,,,x,,x,ø,,
Alkonost,Small,Monstrosity,,Neutral,,1/2,CC,12,n,n,n,,,,,x,,,,,x,,,,,,,
Allip,Medium,Undead,,Neutral evil,,5,MToF,116,n,n,n,,,,,,,,,,,x,,,x,,,
Alliumite,Small,Plant,,Neutral,,1/4,CC,13,n,n,n,,,,,,,,x,,,,,,,,,
Allosaurus,Large,Beast,Dinosaur,Unaligned,,2,MM,79,n,n,n,,,,,,,,x,,,,,,,,,
Almiraj,Small,Beast,,Unaligned,,0,ToA,211,n,n,n,,,,,,,,,,,,,,,,,
Alnaar,Large,Fiend,Demon,Chaotic evil,,9,CC,82,n,n,n,"Skin of the Forge, Starving Wrath","Multiattack, Fiery Fangs, Flare",On the Hunt,,,,,,,,,,,,,,
Alp,Small,Fey,Shapechanger,Chaotic neutral,,1,CC,14,y,n,n,,,,,,,,x,,,,,,,,,
Alpha Yek,Medium,Fiend,Demon,Chaotic evil,,9,CC,95,n,n,n,"Magic Resistance, Pack Tactics","Multiattack, Bite, Claw, Bone Shard",,,,,,,,,,,,,,,
Alseid,Medium,Monstrosity,,Chaotic neutral,,1/2,ToB,15,n,n,n,,,,,,,ø,,,,,,,,,,
Alseid Grovekeeper,Medium,Monstrosity,,Chaotic neutral,,3,ToB,15,n,n,n,,,,,,,ø,ø,,,,,,,,,
Alter Flame Golem,Large,Construct,,Neutral,,10,CC,193,n,n,n,"Aversion to Water, Death Burst, False Appearence, Fire Absorbtion, Immutable Form, Magic Resistance","Multiattack, Slam, Flame Breath",,,,,,,,,,,,,,,
Alynn,Medium,Humanoid,Half-elf,Unaligned,,10,MaDC,95,n,y,n,,,,,,,,,,,,,,ø,,,
Ambush Drake,Medium,Dragon,,Unaligned,,1/2,HotDQ,88,n,n,n,,,,,,,,,,,,,,,,,
Ammalia Cassalanter,Medium,Humanoid,Human,Lawful evil,,5,WDH,193,y,n,n,,,,,,,,,,,,,,ø,,,
Ammut,Large,Celestial,,Neutral,,9,CC,15,n,n,n,,,,,,,,,,,,,,,,,
Amnizu,Medium,Fiend,Devil,Lawful evil,,18,MToF,164,y,n,n,,,,,,,,,,,,,,,ø,,
Amphiptere,Medium,Beast,,Unaligned,,3,ToB,16,n,n,n,,,,,,,ø,,ø,ø,ø,,,,,,
Amphoron of yothri juggernaut,Large,Construct,,Neutral,,6,FEF,10,n,n,n,,,,x,x,x,x,x,x,x,x,x,,x,,,
Amphoron of yothri warrior,Medium,Construct,,Neutral,,2,FEF,10,n,n,n,,,,x,x,x,x,x,x,x,x,x,,x,,,
Amphoron of yothri worker,Small,Construct,,Neutral,,1/2,FEF,9,n,n,n,,,,x,x,x,x,x,x,x,x,x,,x,,,
Anarch,Small,Humanoid,Any Race,Chaotic neutral,,1/4,GGtR,239,n,n,n,,,,,,,ø,ø,ø,,,,,ø,,,
Ancient Black Dragon,Gargantuan,Dragon,,Chaotic evil,,21,MM,87,n,y,y,,,,,,,,,,,x,,,,,,
Ancient Blue Dragon,Gargantuan,Dragon,,Lawful evil,,23,MM,90,n,y,y,,,,,x,x,,,,,,,,,,,
Ancient Brass Dragon,Gargantuan,Dragon,,Chaotic good,,20,MM,104,n,y,y,,,,,,x,,,,,,,,,,,
Ancient Bronze Dragon,Gargantuan,Dragon,,Lawful good,,22,MM,107,n,y,y,,,,,x,,,,,,,,,,,,
Ancient Chronomancer,Medium,Humanoid,Construct,Neutral,,7,MaDC,20,y,n,n,,,,,,,,,,,,,,ø,ø,,
Ancient Copper Dragon,Gargantuan,Dragon,,Chaotic good,,21,MM,110,n,y,y,,,,,,,,,x,,,,,,,,
Ancient Flame Dragon,Gargantuan,Dragon,,Chaotic evil,,24,ToB,128,n,y,y,,,,,,,,,ø,ø,,,,,,,
Ancient Gold Dragon,Gargantuan,Dragon,,Lawful good,,24,MM,113,n,y,y,,,,,,,x,x,,,,,,,,,
Ancient Green Dragon,Gargantuan,Dragon,,Lawful evil,,22,MM,93,n,y,y,,,,,,,x,,,,,,,,,,
Ancient Light Dragon,Gargantuan,Dragon,Dragon,Neutral good,,22,CC,116,n,y,y,"Ethereal Sight, Illumination, Incorporeal Movement, Legendary Resistance, Void Traveler","Multiattack, Bite, Claw, Tail, Frightful Presence, Breath Weapon",,,,,,,,,,,,,,,
Ancient Mandriano,Huge,Plant,,Lawful evil,,8,CC,261,n,n,n,,,,,,,,,,,,,,,,,
Ancient Mithral Dragon,Gargantuan,Dragon,,Neutral,,18,ToB,132,y,y,n,,,,,,,,,,,,ø,,,,,
Ancient Red Dragon,Gargantuan,Dragon,,Chaotic evil,,24,MM,97,n,y,y,,,,,,,,,x,x,,,,,,,
Ancient Sea Dragon,Gargantuan,Dragon,,Neutral evil,,22,ToB,135,n,y,y,,,,,,,,,,,,,ø,,,,
Ancient Silver Dragon,Gargantuan,Dragon,,Lawful good,,23,MM,116,n,y,y,,,,,,,,,,x,,,,x,,,
Ancient Titan,Gargantuan,Celestial,,Neutral good,,12,ToB,380,n,n,n,,,,,ø,,,,,,,,ø,,,,
Ancient Void Dragon,Gargantuan,Dragon,,Chaotic neutral,,24,ToB,138,n,y,y,,,,,,,,,,,,,,,ø,,
Ancient Wasteland Dragon,Gargantuan,Dragon,Dragon,Chaotic evil,,23,CC,120,n,y,y,Legendary Resistance,"Multiattack, Bite, Claw, Frightful Presence, Warped Energy Breath",,,,,,,,,,,,,,,
Ancient White Dragon,Gargantuan,Dragon,,Chaotic evil,,20,MM,100,n,y,y,,,,x,,,,,,,,,,,,,
Ancient Wind Dragon,Gargantuan,Dragon,,Chaotic neutral,,22,ToB,142,y,y,y,,,,,,,,,,ø,,,,,,,
Andrenjinyi,Gargantuan,Celestial,,Neutral,,15,ToB,18,y,n,n,,,,,ø,,,,,,,,ø,,,,
Androsphinx,Large,Monstrosity,,Lawful neutral,,17,MM,281,y,y,y,,,,,,x,,,,,,,,,,,
Angatra,Medium,Undead,,Neutral evil,,6,ToB,19,n,n,n,,,,,,,,,,,,,,ø,,,
Angler Worm,Huge,Monstrosity,,Unaligned,,4,ToB,22,n,n,n,,,,,,,,,ø,ø,,ø,,,,,
Animated Armor,Medium,Construct,,Unaligned,,1,MM,19,n,n,n,,,,ø,ø,ø,ø,ø,ø,ø,ø,ø,ø,ø,,,
Animated Table,Large,Construct,,Unaligned,,2,TftYP,230,n,n,n,,,,,,,,,,,,,,ø,,,
Ankheg,Large,Monstrosity,,Unaligned,,2,MM,21,n,n,n,,,,,,,x,x,,,,,,,,,
Ankou,Gargantuan,Dragon,,Neutral,,21,CC,36,n,y,y,,,,,,,,,,,,,,,,,
Ankou Soul Seeker,Large,Dragon,,Neutral,,8,CC,38,n,n,n,,,,,,,,,,,,,,,,,
Ankylosaurus,Huge,Beast,Dinosaur,Unaligned,,3,MM,79,n,n,n,,,,,,,,x,,,,,,,,,
Ankylosaurus Zombie,Huge,Undead,Dinosaur,Unaligned,,3,ToA,240,n,n,n,,,,,,,ø,,,,,ø,,,,,
Annis Hag,Large,Fey,Hag,Chaotic evil,,6,VGtM,159,y,n,n,,,,,,,,,x,x,,,,,,,
Anophiloi,Small,Monstrosity,,Neutral,,1,CC,39,n,n,n,,,,,,,x,x,,,,,,,,,
Ant lion,Large,Beast,,Unaligned,,4,FEF,11,n,n,n,,,,,,x,,,,,,,,,,,
Anubian,Medium,Elemental,,Chaotic evil,,2,ToB,24,n,n,n,,,,,,ø,,,,,,ø,,,,,
Apau Perape,Large,Fiend,Demon,Chaotic evil,,6,ToB,75,y,n,n,,,,,,,ø,,,,,,,,ø,,
Ape,Medium,Beast,,Unaligned,,1/2,MM,317,n,n,n,,,,,,,x,,,,,,,,,,
Apprentice Wizard,Medium,Humanoid,Any Race,Any alignment,,1/4,VGtM,209,y,n,n,,,,,,,,,,,,,,x,,,
Apprentice Wizard,Medium,Humanoid,Any Race,Any alignment,,1/4,WDH,194,y,n,n,,,,,,,,,,,,,,ø,,,
Arachnid Queen,Huge,Beast,,Unaligned,,3,MaDC,2,n,n,n,,,,,,,ø,,ø,,,ø,,,,,
Aranea,Large,Monstrosity,,Chaotic evil,,3,FEF,13,n,n,n,,,,,,,x,,,x,x,x,,,,,
Arbeyach,Large,Fiend,Devil,Lawful evil,,21,ToB,95,y,y,n,,,,,,,,,,,,,,,ø,,
Arborcyte,Large,Plant,,Neutral,,8,CC,40,n,n,n,,,,,,,,,,,,,,,,,
Arboreal Grappler,Medium,Aberration,,Neutral evil,,3,ToB,25,n,n,n,,,,,,,ø,,,,ø,,,,,,
Arcamag,Tiny,Monstrosity,Shapechanger,Neutral,,2,CC,41,n,n,n,,,,,,,,,,,,,,,,,
Arcanaloth,Medium,Fiend,Yugoloth,Neutral evil,,12,MM,313,y,n,n,,,,,,,,,,,,,,,ø,,
Arcanamite,Small,Monstrosity,,Unaligned,,1,MaDC,3,n,n,n,,,,,,,,,,,,ø,,,,,
Arcanaphage,Medium,Monstrosity,,Unaligned,,4,CC,42,n,n,n,,,,,,,,,,,,,,,,,
Arcane Guardian,Medium,Undead,,Neutral evil,,6,ToB,358,y,n,n,,,,,,,,,,,,,,ø,,,
Arcanoplasm,Large,Monstrosity,,Neutral,,4,FEF,14,n,n,n,,,,,,,,,,,,x,,,,,
Arch-Devil Belphegor,Huge,Fiend,Devil,Lawful evil,,22,CC,100,n,y,n,"Builder of Hell, Legendary Resistance, Lord of Openings, Magic Weapon, Pitted Sockets, Prime","Multiattack, Soul Flail, Endless Complexity",Form the Chain,,,,,,,,,,,,,,
Arch-Devil Parzelon,Huge,Fiend,Devil,Lawful evil,,25,CC,101,y,y,n,"Fear Aura, Legendary Resistance, Magic Resistance, Magic Weapon, Spellcasting","Multiattack, Bite, Sepentine Lash, Summon Devil",,,,,,,,,,,,,,,
Archaeopteryx,Tiny,Beast,Dinosaur,Unaligned,,1/4,CC,108,n,n,n,Flyby,"Multiattack, Beak, Talons",,,x,,x,,,,x,,,,,,
Archdruid,Medium,Humanoid,Any Race,Any alignment,,12,VGtM,210,y,n,n,,,,x,x,x,x,x,x,x,x,,x,,,,
Archdruid,Medium,Humanoid,Any Race,Any alignment,,12,WDotMM,311,y,n,n,,,,,,,,,,,,ø,,,,,
Archer,Medium,Humanoid,Human,Unaligned,,1/4,MaDC,91,n,n,n,,,,,,,,,,,,,,ø,,,
Archer,Medium,Humanoid,Any Race,Any alignment,,3,VGtM,210,n,n,n,,,,,,,x,,,,,,,x,,,
Archmage,Medium,Humanoid,Any Race,Any alignment,,12,MM,342,y,n,n,,,,,,,,,,,,,,x,,,
Archon of the Triumvirate,Medium,Celestial,,Lawful neutral,,14,GGtR,192,y,y,n,,,,,,,,,,,,,,ø,,,
Arclight Phoenix,Medium,Elemental,,Chaotic neutral,,12,GGtR,193,n,n,n,,,,,,,,,,,,,,ø,ø,,
Aridni,Small,Fey,,Neutral evil,,5,ToB,26,y,n,n,,,,,,,ø,,ø,,ø,,,,,,
Armanite,Medium,Fiend,Demon,Chaotic evil,,7,MToF,131,n,n,n,,,,,,,,,,,,x,,,ø,,
Armed Skeleton,Medium,Undead,,Lawful evil,,1,MaDC,4,n,n,n,,,,,,,,,,,,,,ø,,,
Armor Sliver,Large,Monstrosity,Sliver,Neutral evil,,3,MaDC,185,n,n,n,,,,,ø,,ø,ø,ø,ø,ø,ø,,,,,
Armory Golem,Large,Construct,,Unaligned,,7,CC,194,n,n,n,"Armory Exploit, Focus Weakness, Immutable Form, Magic Resistance, Magic Weapons","Multiattack, Polearm Strike, Crossbow Barrage, Shield Wall",,,,,,,,,,,,,,,
Artificer of yothri,Medium,Aberration,,Chaotic evil,,5,FEF,15,n,n,n,,,,x,x,x,x,x,x,x,x,x,,x,,,
Artus Cimber,Medium,Humanoid,Human,Neutral good,,7,ToA,212,n,n,n,,,,,,,,,,,,,,,,,
Asanbosam,Large,Aberration,,Chaotic evil,,5,ToB,27,n,n,n,,,,,ø,,ø,,ø,,ø,,,,,,
Ascomoid,Large,Plant,Fungus,Unaligned,,3,FEF,16,y,n,n,,,,,,,,,,,,x,,,,,
Ash Drake,Small,Dragon,,Neutral evil,,4,ToB,149,n,n,n,,,,,,,,,,,,,,ø,,,
Assassin,Medium,Humanoid,Any Race,Any non-good,,8,MM,343,n,n,n,,,,,,,,,,,,,,x,,,
Assassin bug,Medium,Beast,,Unaligned,,5,FEF,170,n,n,n,,,,,,,x,,x,,x,,,,,,
Assassin Vine,Large,Plant,,Unaligned,,3,ToA,213,n,n,n,,,,,,,ø,,,,,,,,,,
Astral Dreadnought,Gargantuan,Monstrosity,Titan,Unaligned,,21,MToF,117,n,y,n,,,,,,,,,,,,,,,ø,,
Astral moth,Large,Monstrosity,,Any neutral,,1/8,FEF,18,n,n,n,,,,x,x,x,x,x,x,x,x,x,,x,,,
Astral shark,Large,Fiend,,Neutral,,5,FEF,19,n,n,n,,,,,,,,,,,,,,,x,,
Astral Snapper,Medium,Aberration,,Neutral evil,,3,CC,43,n,n,n,,,,,,,,,,,,,,,,,
Astropal,Huge,Undead,Titan,Neutral evil,,13,ToA,214,n,y,n,,,,,,,,,,,,,,ø,ø,,
Aurelia,Medium,Celestial,Angel,Lawful good,,23,GGtR,230,n,y,n,,,,,,,,,,,,,,ø,ø,,
Aurochs,Large,Beast,,Unaligned,,2,VGtM,207,n,n,n,,,,,,,,x,x,x,,,,,,,
Aurumvorax,Small,Monstrosity,,Unaligned,,5,FEF,20,n,n,n,,,,,x,,x,x,x,,,,,,,,
Automata,Large,Fiend,Devil,Lawful evil,,10,ToB,102,y,n,n,,,,,,,,,,,,,,,ø,,
Autumn Eladrin,Medium,Fey,Elf,Chaotic neutral,,10,MToF,195,y,n,n,,,,,,,x,,,,,,,,,,
Avatar of Boreas,Medium,Elemental,,Chaotic evil,,17,ToB,42,y,y,n,,,,ø,,,,,,ø,,,,,,,
Avatar of Shoth,Gargantuan,Aberration,Shoth,Lawful neutral,,21,CC,331,y,y,y,,,,,,,,,,,,,,,,,
Awakened Shrub,Small,Plant,,Unaligned,,0,MM,317,n,n,n,,,,,,,x,,,,,,,,,,
Awakened Tree,Huge,Plant,,Unaligned,,2,MM,317,n,n,n,,,,,,,x,,,,,,,,,,
Awakened Zurkhwood,Huge,Plant,,Unaligned,,2,OotA,230,n,n,n,,,,,,,ø,,,,,,,,,,
Axe Beak,Large,Beast,,Unaligned,,1/4,MM,317,n,n,n,,,,,,,,x,x,,,,,,,,
Azbara Jos,Medium,Humanoid,Human,Lawful evil,,4,HotDQ,88,y,n,n,,,,,,,,,,,,,,,,,
Azeban,Medium,Fey,,Chaotic neutral,,4,CC,44,y,n,n,,,,,,,,,,,,,,,,,
Azer,Medium,Elemental,,Lawful neutral,,2,MM,22,n,n,n,,,,,,,,,,,,,,,ø,,
Azi Dahaka,Huge,Dragon,,Chaotic evil,,14,CC,45,n,n,n,,,,,,,,,,,,,,,,,
Azure Enchanter,Medium,Humanoid,Any Race,Any alignment,,7,MaDC,5,y,n,n,,,,,,,,,,,,,,ø,,,
Azure Mind Sculptor,Medium,Humanoid,Any Race,Any alignment,,10,MaDC,5,y,n,n,,,,,,,,,,,,,,ø,,,
Azza Gremlin,Small,Fey,,Neutral,,1/4,ToB,28,n,n,n,,,,,,,,,,,,,,,ø,,
Baba Lysaga,Medium,Humanoid,"Human, Shapechanger",Chaotic evil,,11,CoS,228,y,n,n,,,,,,,ø,,,,ø,,,,,,
Baba Lysaga's Creeping Hut,Gargantuan,Construct,,Unaligned,,11,CoS,226,n,n,n,,,,,,,ø,,,,ø,,,,,,
Baba Yaga,Medium,Fey,,Chaotic neutral,,20,CC,46,y,y,n,,,,,,,,,,,,,,,,,
"Baba Yaga’s Horsemen, Base",Medium,Fey,,Lawful neutral,,11,ToB,30,y,n,n,,,,ø,,ø,,,ø,ø,,,,,,,
Babau,Medium,Fiend,Demon,Chaotic evil,,4,VGtM,136,y,n,n,,,,,,,,,,,,x,,x,,,
Baboon,Small,Beast,,Unaligned,,0,MM,318,n,n,n,,,,,,,x,,x,,,,,,,,
Baby Tanglewyrm,Large,Beast,Wyrm,Unaligned,,6,MaDC,200,n,n,n,,,,,,,,,,ø,,ø,,,,,
Badger,Tiny,Beast,,Unaligned,,0,MM,318,n,n,n,,,,,,,x,,,,,,,,,,
Bael,Large,Fiend,"Devil, Archdevil",Lawful evil,,19,MToF,170,y,y,n,,,,,,,,,,,,,,,ø,,
Bagiennik,Medium,Aberration,,Chaotic neutral,,3,ToB,31,n,n,n,,,,,,,ø,,,,ø,,,,,,
Balhannoth,Large,Aberration,,Chaotic evil,,11,MToF,119,n,y,y,,,,,x,,,,,x,,x,,,,,
Balor,Huge,Fiend,Demon,Chaotic evil,,19,MM,55,n,n,n,,,,,,,,,,,,,,,ø,,
Banderbobb,Large,Monstrosity,,Neutral evil,,5,VGtM,122,n,n,n,,,,,,,,,,,,,,x,,,
Bandit,Medium,Humanoid,Any Race,Any non-lawful,,1/8,MM,343,n,n,n,,,,x,x,x,x,,x,,,,x,,,,
Bandit Captain,Medium,Humanoid,Any Race,Any non-lawful,,2,MM,344,n,n,n,,,,x,x,x,x,,x,,,,x,,,,
Bandit Lord,Medium,Humanoid,,Any non-lawful,,4,ToB,418,n,n,n,,,,,,,,,,,,,,ø,,,
Baneling,Small,Fiend,Demon,Chaotic evil,,1/2,MaDC,6,n,n,n,,,,,,,,,,,,,,,ø,,
Banshee,Medium,Undead,,Chaotic evil,,4,MM,23,n,n,n,,,,,x,,x,,,,,,,,,,
Baphomet,Huge,Fiend,"Demon, Lord",Chaotic evil,,23,MToF,143,y,y,y,,,,,,,,,,,,,,,ø,,
Baphomet,Huge,Fiend,Demon,Chaotic evil,,23,OotA,235,y,y,y,,,,,,,,,,,,,,,ø,,
Bar Brawl,Huge,Humanoid,Swarm,Unaligned,,3,CC,48,n,n,n,,,,,,,,,,,,,,,,,
Barbed Devil,Medium,Fiend,Devil,Lawful evil,,5,MM,70,n,n,n,,,,,,,,,,,,,,,ø,,
Bard,Medium,Humanoid,Any Race,Any alignment,,2,VGtM,211,y,n,n,,,,,,,,,,,,,,x,,,
Bard,Medium,Humanoid,Any Race,Any alignment,,2,WDH,195,y,n,n,,,,,,,,,,,,,,ø,,,
Barghest,Large,Fiend,Shapechanger,Neutral evil,,4,TftYP,230,y,n,n,,,,,,,ø,ø,ø,ø,,ø,,,,,
Barghest,Large,Fiend,Shapechanger,Neutral evil,,4,VGtM,123,y,n,n,,,,,,,x,x,x,x,,x,,,,,
Barlgura,Large,Fiend,Demon,Chaotic evil,,5,MM,46,y,n,n,,,,,,,,,,,,,,,ø,,
Barnibus Blastwind,Medium,Humanoid,Human,Lawful good,,2,WDH,195,y,n,n,,,,,,,,,,,,,,ø,,,
Barong,Large,Celestial,,Lawful good,,17,CC,49,n,y,n,,,,,,,,,,,,,,,,,
Barovian Witch,Medium,Humanoid,Human,Chaotic evil,,1/2,CoS,229,y,n,n,,,,,,,ø,,,,ø,,,ø,,,
Basilisk,Medium,Monstrosity,,Unaligned,,3,MM,24,n,n,n,,,,,,,,,,x,,,,,,,
Bastet Temple Cat,Small,Beast,,Chaotic neutral,,1,ToB,32,y,n,n,,,,,,ø,,,,,,,,ø,,,
Bastian Thermandar,Medium,Humanoid,Fire Genasi,Neutral evil,,8,PotA,201,y,n,n,,,,,,,,,,,,,,,,,
Bat,Tiny,Beast,,Unaligned,,0,MM,318,n,n,n,,,,,ø,,ø,,ø,ø,ø,ø,,ø,,,
Bat King,Small,Fey,"Shapechanger, Animal Lord",Neutral,,13,CC,22,y,y,n,,,,,,,,,,,,,,,,,
Bathhouse Drake,Medium,Dragon,Drake,Lawful neutral,,3,CC,126,y,n,n,"Amphibious, Soapy, Innate Spellcasting","Multiattack, Bite, Claw, Scalding Jet, Steam Burst",,,,,,,,,,,,,,,
Battle Mage,Medium,Humanoid,,Any,,4,CC,397,y,n,n,,,,,,,,,,,,,,,,,
Battleforce Angel,Medium,Celestial,Angel,Lawful good,,5,GGtR,189,n,n,n,,,,,,,,,,,,,,ø,ø,,
Bearded Devil,Medium,Fiend,Devil,Lawful evil,,3,MM,70,n,n,n,,,,,,,,,,,,,,,ø,,
Bearfolk,Medium,Humanoid,,Chaotic good,,3,ToB,33,n,n,n,,,,ø,,,ø,,ø,ø,,,,,,,
Bearfolk Chieftain,Medium,Humanoid,Bearfolk,Chaotic good,,6,CC,51,n,n,n,,,,,,,,,,,,,,,,,
Bearmit Crab,Large,Monstrosity,,Unaligned,,2,CC,52,n,n,n,,,,,,,,,,,,,,,,,
Beast of Ill Omen,Large,Monstrosity,,Chaotic evil,,2,MaDC,7,n,n,n,,,,,,,ø,,,,ø,ø,,,,,
Beggar Ghoul,Medium,Undead,Ghoul,Chaotic evil,,1/2,ToB,213,n,n,n,,,,,,,,,,,ø,ø,,ø,,,
"Behemoth, Terror of the Earth",Colossal,Beast,,Neutral,,30,MaDC,124,n,y,n,,,,,,,,,,,,,,,ø,,
Behir,Huge,Monstrosity,,Neutral evil,,11,MM,25,n,n,n,,,,,,,,,,,,x,,,,,
Beholder,Large,Aberration,Beholder,Lawful evil,,13,MM,28,n,y,n,,,,,,,,,,,,x,,,,,
Beholder (in lair),Large,Aberration,Beholder,Lawful evil,,14,MM,28,n,y,y,,,,,,,,,,,,x,,,,,
Beholder Dragon,Large,Aberration,Dragon,Neutral evil,,15,MaDC,8,n,y,n,,,,,,,,,,,,ø,,,,,
Beholder Zombie,Large,Undead,Beholder,Neutral evil,,5,MM,316,n,n,n,,,,,,,,,,,,x,,,,,
Behtu,Small,Humanoid,,Chaotic evil,,2,ToB,34,n,n,n,,,,,,,,,,ø,ø,,,,,,
Beli,Small,Fey,,Neutral evil,,2,ToB,35,y,n,n,,,,ø,,,,,,ø,,,,,,,
Bellowing Tanglewyrm,Huge,Beast,Wyrm,Unaligned,,15,MaDC,200,n,n,n,,,,,,,,,,ø,,ø,,,,,
Berbalang,Medium,Aberration,,Chaotic evil,,2,MToF,120,y,n,n,,,,,,x,,,,,,,,,,,
"Berchta, Fey Lady",Medium,Fey,Shapechanger,Lawful neutral,,16,CC,154,y,y,y,"Fate Touched, Legendary Resistance, Shapechanger, Innate Spellcasting","Multiattack, Silver Sickle, Threads of Fate, Teleport",Twist of Fate,,,,,,,,,,,,,,
Bereginyas,Tiny,Fey,,Neutral evil,,4,ToB,36,n,n,n,,,,,,,ø,,ø,ø,,,,,,,
Berserker,Medium,Humanoid,Any Race,Any chaotic,,2,MM,344,n,n,n,,,,x,x,x,x,,x,x,,,,,,,
Berstuc,Large,Fiend,Demon,Chaotic evil,,11,ToB,76,n,n,n,,,,,,,ø,,,,,,,,ø,,
Bheur Hag,Medium,Fey,Hag,Chaotic evil,,7,VGtM,160,y,n,n,,,,x,,,,,,,,,,,,,
Biclops,Huge,Giant,,Neutral,,6,FEF,26,n,n,n,,,,,,,,,x,x,,,,,,,
Bilwis,Medium,Elemental,,Chaotic evil,,1,CC,53,n,n,n,,,,,,,,x,,,,,,,,,
Biomancer,Medium,Humanoid,Any Race,Neutral good,,10,GGtR,256,y,n,n,,,,,,,,,,,,,ø,ø,,,
Black Abishai,Medium,Fiend,Devil,Lawful evil,,7,MToF,160,n,n,n,,,,,,,,,,,,,,x,ø,,
Black Bear,Medium,Beast,,Unaligned,,1/2,MM,318,n,n,n,,,,,,,x,,,,,,,,,,
Black dracolisk,Large,Dragon,,Unaligned,,7,FEF,85,n,n,n,,,,,,x,,,,,x,x,,,,,
Black Dragon Wyrmling,Medium,Dragon,,Chaotic evil,,2,MM,88,n,n,n,,,,,,,,,,,x,,,,,,
Black Earth Guard,Medium,Humanoid,Human,Neutral evil,,2,PotA,195,n,n,n,,,,,,,,,,,,,,,,,
Black Earth Priest,Medium,Humanoid,Human,Neutral evil,,3,PotA,195,y,n,n,,,,,,,,,,,,,,,,,
Black Knight,Medium,Humanoid,,Lawful neutral,,12,MaDC,9,n,n,n,,,,,,,,,,,,,,ø,,,
Black Knight Commander,Medium,Humanoid,,Lawful evil,,5,ToB,418,n,n,n,,,,,,,,,,,,,,ø,,,
Black Pudding,Large,Ooze,,Unaligned,,4,MM,241,n,n,n,,,,,,,,,,,,x,,,,,
Black Sun Orc,Medium,Humanoid,Orc,Chaotic evil,,2,CC,289,n,n,n,,,,,,,,,,,,,,,,,
Black Sun Priestess,Medium,Humanoid,Orc,Chaotic evil,,3,CC,290,y,n,n,,,,,,,,,,,,,,,,,
Black Viper,Medium,Humanoid,Human,Chaotic neutral,,5,WDH,196,n,n,n,,,,,,,,,,,,,,ø,,,
Blackguard,Medium,Humanoid,Any Race,Any non-good,,8,VGtM,211,y,n,n,,,,,,,,,,,,x,,x,,,
Blagothkus,Huge,Giant,Cloud Giant,Neutral evil,,9,HotDQ,89,y,n,n,,,,,,,,,,,,,,,,,
Blemmyes,Large,Monstrosity,,Chaotic evil,,8,ToB,37,n,n,n,,,,,,,ø,ø,ø,ø,,,,,,,
Blink Dog,Medium,Fey,,Lawful good,,1/4,MM,318,n,n,n,,,,,,,x,,,,,,,,,,
Blistercoil Weird,Medium,Elemental,Weird,Chaotic neutral,,4,GGtR,207,n,n,n,,,,,,,,,,,,,,ø,ø,,
Blood Drinker Vampire,Medium,Undead,,Lawful evil,,8,GGtR,223,n,n,n,,,,,,,,,,,,,,ø,,,
Blood Elemental,Large,Elemental,,Neutral,,5,CC,138,n,n,n,"Coagulate, Destroyed by Water, Liquid Form","Multiattack, Slam, Blood Drain",,,,,,,,,,,,,,,
Blood Giant,Huge,Giant,,Lawful neutral,,8,CC,180,n,n,n,"Blood Sense, Magic Weapon","Multiattack, Blood Spear, Rock, Blood Magic",,,,,,,,,,,,,,,
Blood Hag,Medium,Fey,Hag,Chaotic evil,,11,ToB,242,y,n,n,,,,,,,ø,,,,ø,,,,,,
Blood Hawk,Small,Beast,,Unaligned,,1/8,MM,319,n,n,n,,,,x,x,,x,x,x,x,,,,,,,
Blood Mage,Medium,Humanoid,,Any evil,,7,CC,397,y,n,n,,,,,,,,,,,,,,,,,
Blood Ooze,Large,Ooze,,Unaligned,,6,CC,282,n,n,n,,,,,,,,,,,,,,,,,
Blood orchid,Large,Aberration,,Chaotic evil,,5,FEF,28,n,n,n,,,,,,,,,,,,x,,,,,
Blood orchid grand savant,Large,Aberration,,Lawful evil,,9,FEF,29,n,n,n,,,,,,,,,,,,x,,,,,/u/SozSurt
Blood orchid savant,Huge,Aberration,,Lawful evil,,7,FEF,28,y,n,n,,,,,,,,,,,,x,,,,,
Blood pudding,Medium,Ooze,,Unaligned,,2,FEF,187,n,n,n,,,,,,,,,,,x,x,,,,,
Blood Witch,Medium,Humanoid,Any Race,Chaotic evil,,7,GGtR,248,y,n,n,,,,,,,,,,,,ø,,ø,,,
Blood Zombie,Medium,Undead,,Neutral evil,,2,CC,393,n,n,n,,,,,,,,,,,,,,,,,
Bloodfray Giant,Huge,Giant,,Chaotic evil,,6,GGtR,200,n,n,n,,,,,,,,,,,,ø,,ø,,,
Bloodsuckle,Large,Plant,,Unaligned,,3,FEF,30,y,n,n,,,,,,,x,x,x,,,,,,,,
Bloody bones,Medium,Undead,,Chaotic evil,,2,FEF,31,n,n,n,,,,,,,,,,,,x,,x,,,
Bloody Bones,Medium,Monstrosity,,Chaotic evil,,3,CC,54,n,n,n,,,,,,,,,,,,,,,,,
Blue Abishai,Medium,Fiend,Devil,Lawful evil,,17,MToF,161,y,n,n,,,,,x,,,,,,,,,x,ø,,
Blue dracolisk,Large,Dragon,,Unaligned,,7,FEF,85,n,n,n,,,,,,x,,,,x,,x,,,,,
Blue Dragon Wyrmling,Medium,Dragon,,Lawful evil,,3,MM,91,n,n,n,,,,,x,x,,,,,,,,,,,
Blue Elf,Medium,Humanoid,Elf,Unaligned,,5,MaDC,93,y,n,n,,,,,,,,,,,,,,ø,,,
Blue Slaad,Large,Aberration,,Chaotic neutral,,7,MM,276,n,n,n,,,,,,,,,,,,,,,ø,,
Boalisk,Large,Beast,,Unaligned,,1,FEF,32,n,n,n,,,,,x,,x,,,,x,,,,,,
Boar,Medium,Beast,,Unaligned,,1/4,MM,319,n,n,n,,,,,,,x,x,,,,,,,,,
Bodak,Medium,Undead,,Chaotic evil,,6,ToA,215,n,n,n,,,,,,,,,,,ø,ø,,ø,,,
Bodak,Medium,Undead,,Chaotic evil,,6,VGtM,127,n,n,n,,,,,,,,,,,x,x,,x,,,
Bog Troll,Large,Giant,,Chaotic evil,,5,MaDC,203,n,n,n,,,,,,,,,,,ø,,,,,,
Boggle,Small,Fey,,Chaotic evil,,1/8,VGtM,128,n,n,n,,,,,,,x,,x,,,x,,,,,
Boloti,Tiny,Fey,,Neutral evil,,1,ToB,38,y,n,n,,,,,ø,,,,,,ø,,ø,,,,
Bone cobbler,Medium,Aberration,,Chaotic evil,,2,FEF,33,n,n,n,,,,,,,,,,,,x,,,,,
Bone Collective,Small,Undead,,Chaotic evil,,8,ToB,39,y,n,n,,,,ø,,,ø,,ø,ø,ø,ø,,,,,
Bone Crab,Small,Beast,,Neutral,,1/2,ToB,40,n,n,n,,,,,ø,,,,,,,,,,,,
Bone Devil,Large,Fiend,Devil,Lawful evil,,9,MM,71,n,n,n,,,,,,,,,,,,,,,ø,,
Bone Golem,Large,Construct,,Unaligned,,9,MaDC,10,n,n,n,,,,,,ø,,ø,ø,ø,ø,ø,,,,,
Bone Golem,Medium,Construct,,Unaligned,,7,CC,195,n,n,n,"Berserk, False Appearance, Immutable Form, Magic Resistance, Magic Weapon, Necrotic Absorption","Multiattack, Claw, Bone Shard",,,,,,,,,,,,,,,
Bone Naga,Large,Undead,,Lawful evil,,4,MM,233,y,n,n,,,,,,,,,,,,x,,,,,
Bone Swarm,Large,Undead,Swarm,Chaotic evil,,10,ToB,41,n,n,n,,,,,,ø,,,ø,ø,,,,,,,
Boneclaw,Large,Undead,,Chaotic evil,,12,MToF,121,n,n,n,,,,x,,x,,,,,,,,x,,,
Bonepowder Ghoul,Small,Undead,Ghoul,Neutral evil,,12,ToB,214,y,n,n,,,,,,,,,,,ø,ø,,ø,,,
Bonesucker,Large,Aberration,,Neutral evil,,4,FEF,35,n,n,n,,,,,,,x,x,x,,x,x,,,,,
Bookkeeper,Tiny,Construct,,Unaligned,,1/8,CC,55,n,n,n,,,,,,,,,,,,,,x,,,
Boot Grabber,Small,Aberration,,Neutral,,1/2,CC,56,n,n,n,,,,,,,,,,,,x,,,,,
Borborygmos,Huge,Giant,,Chaotic neutral,,18,GGtR,238,n,y,n,,,,,,,ø,ø,ø,,,,,ø,,,
Borsin (ape centaur),Large,Monstrosity,,Chaotic evil,,3,FEF,36,n,n,n,,,,,,,x,x,x,,,,,,,,
Bouda,Medium,Fiend,,Neutral evil,,5,ToB,44,n,n,n,,,,,,,,,,,,,,ø,ø,,
Brass Dragon Wyrmling,Medium,Dragon,,Chaotic good,,1,MM,106,n,n,n,,,,,,x,,,,,,,,,,,
Brass man,Large,Construct,,Unaligned,,6,FEF,37,n,n,n,,,,,,,,,,,,,,,x,,
Bridesmaid of Zuggtmoy,Medium,Plant,,Chaotic evil,,1/8,OotA,230,n,n,n,,,,,,,,,,,,,,,,,
Bridge Troll,Large,Giant,,Chaotic evil,,4,MaDC,204,n,n,n,,,,,,,,,ø,,,,,,,,
Brine sea serpent,Huge,Dragon,Aquatic,Chaotic evil,,10,FEF,199,n,n,n,,,,,,,,,,,,,x,,,,
Brontosaurus,Gargantuan,Beast,Dinosaur,Unaligned,,5,ToA,215,n,n,n,,,,,,,ø,ø,,,,,,,,,
Brontosaurus,Gargantuan,Beast,Dinosaur,Unaligned,,5,VGtM,139,n,n,n,,,,,,,x,x,,,,,,,,,
Brontotherium,Huge,Beast,,Unaligned,,6,FEF,183,n,n,n,,,,,,,x,x,x,,,,,,,,
Bronze Dragon Wyrmling,Medium,Dragon,,Lawful good,,2,MM,109,n,n,n,,,,,x,,,,,,,,,,,,
Bronze Golem,Large,Construct,,Unaligned,,3,CC,196,n,n,n,"Boiling Body, Immutable Form, Magic Resistance, Magic Weapon","Multiattack, Slam, Brazen Bull",,,,,,,,,,,,,,,
Bronze Scout,Medium,Construct,,Unaligned,,1,MToF,125,n,n,n,,,,,,,x,x,x,x,,,,,,,
Brood Butcher,Huge,Aberration,,Chaotic evil,,9,MaDC,11,n,n,n,,,,,,,,,,,,,,,ø,,
Brood Monitor,Huge,Aberration,,Chaotic evil,,7,MaDC,12,n,n,n,,,,,,,,,,,,,,ø,ø,,
Brood Sliver,Large,Monstrosity,Sliver,Neutral evil,,3,MaDC,186,n,n,n,,,,,ø,,ø,ø,ø,ø,ø,ø,,,,,
Broodiken,Tiny,Construct,,Neutral,,1,ToB,45,n,n,n,,,,ø,ø,ø,ø,ø,ø,ø,ø,ø,,ø,,,
Broom of Animated Attack,Small,Construct,,Unaligned,,1/4,CoS,226,n,n,n,,,,,,,,,,,,,,ø,,,
Brother Ox,Huge,Fey,"Shapechanger, Animal Lord",Lawful neutral,,16,CC,24,n,y,y,,,,,,,,,,,,,,,,,
Brown Bear,Large,Beast,,Unaligned,,1,MM,319,n,n,n,,,,x,,,x,,x,,,,,,,,
Brume,Large,Aberration,,Neutral evil,,6,FEF,38,n,n,n,,,,x,x,x,x,x,x,x,x,x,,x,,,
Bucca,Tiny,Fey,,Neutral evil,,1/2,ToB,46,y,n,n,,,,,,,,,,,,ø,,,,,
Bugbear,Medium,Humanoid,Goblinoid,Chaotic evil,,1,LMoP,56,n,n,n,,,,,,,,,,,,,,,,,
Bugbear,Medium,Humanoid,Goblinoid,Chaotic evil,,1,MM,33,n,n,n,,,,,,,x,x,,,,x,,,,,
Bugbear Chief,Medium,Humanoid,Goblinoid,Chaotic evil,,3,MM,33,n,n,n,,,,,,,x,x,,,,x,,,,,
Bukavac,Large,Monstrosity,,Neutral evil,,9,ToB,47,n,n,n,,,,,,,ø,,,,ø,,ø,,,,
Bulette,Large,Monstrosity,,Unaligned,,5,MM,34,n,n,n,,,,,,,,x,x,x,,,,,,,
Bulezau,Medium,Fiend,Demon,Chaotic evil,,3,MToF,131,n,n,n,,,,,,,,,,,,,,,ø,,
Bullywug,Medium,Humanoid,Bullywug,Neutral evil,,1/4,MM,35,n,n,n,,,,,,,,,,,x,,,,,,
Bullywug Shaman,Medium,Humanoid,Bullywug,Neutral evil,,2,MaDC,13,y,n,n,,,,,,,,,,,ø,,,,,,
Buraq,Medium,Celestial,,Lawful good,,11,ToB,48,y,n,n,,,,,,,,,,,,,,,ø,,
Burning dervish,Medium,Fiend,,Lawful evil,,3,FEF,39,y,n,n,,,,,,,,,,,,,,,x,,
Burning Skeleton,Medium,Undead,,Lawful evil,,1,MaDC,14,n,n,n,,,,,,ø,,ø,,,,ø,,ø,,,
Burrowling,Small,Humanoid,,Lawful neutral,,1/2,ToB,49,n,n,n,,,,,,,ø,ø,ø,,,,,,,,
Burrowshark,Medium,Humanoid,Human,Neutral evil,,4,PotA,196,n,n,n,,,,,,,,,,,,,,,,,
Cackler,Small,Fiend,Demon,Chaotic evil,,1/2,GGtR,195,y,n,n,,,,,,,,,,,,ø,,ø,ø,,
Cactid,Large,Plant,,Unaligned,,3,ToB,50,n,n,n,,,,,,ø,,,,,,,,,,,
Cacus Giant,Huge,Giant,,Chaotic evil,,6,CC,181,n,n,n,Final Breath,"Multiattack, Greatclub, Rock, Fire Breath",,,,,,,,,,,,,,,
Cadaver,Medium,Undead,,Chaotic evil,,1/2,FEF,40,n,n,n,,,,x,x,x,x,x,x,x,x,x,,x,,,
Cadaver Collector,Large,Construct,,Lawful evil,,14,MToF,122,n,n,n,,,,,,,,x,,,,,,,,,
Cadaver lord,Medium,Undead,,Chaotic evil,,3,FEF,41,n,n,n,,,,x,x,x,x,x,x,x,x,x,,x,,,
Cambion,Medium,Fiend,,Any evil,,5,MM,36,n,n,n,,,,,,,,,,,,,,x,,,
Cambium,Large,Fiend,,Neutral evil,,14,ToB,51,y,n,n,,,,,,,,,,,,,,ø,,,
Camel,Large,Beast,,Unaligned,,1/8,MM,320,n,n,n,,,,,,x,,,,,,,,,,,
Canoloth,Medium,Fiend,Yugoloth,Neutral evil,,8,MToF,247,n,n,n,,,,,x,,,,,,,x,,x,ø,,
Capra Demon,Large,Fiend,Demon,Chaotic evil,,6,MaDC,16,n,n,n,,,,,,,,,,,,,,,ø,,
Captain Othelstan,Medium,Humanoid,Human,Lawful evil,,5,HotDQ,89,n,n,n,,,,,,,,,,,,,,,,,
Carbuncle,Small,Aberration,,Unaligned,,1/8,FEF,42,n,n,n,,,,,,,x,,,,,,,,,,
Carbuncle,Small,Monstrosity,,Chaotic good,,1,CC,57,n,n,n,,,,,,,x,,,,,,,,,,
Carrion Beetle,Large,Beast,,Neutral,,4,ToB,52,n,n,n,,,,,,,,,,,,ø,,,,,
Carrion Crawler,Large,Monstrosity,,Unaligned,,2,MM,37,y,n,n,,,,,,,,,,,,x,,,,,
Carytid column,Medium,Construct,,Unaligned,,1,FEF,43,n,n,n,,,,,,,x,x,x,,,,,,,,
Cat,Tiny,Beast,,Unaligned,,0,MM,320,n,n,n,,,,,,,x,x,,,,,,x,,,
Category 1 Krasis,Medium,Monstrosity,,Unaligned,,1,GGtR,210,n,n,n,,,,,ø,,,,,,ø,ø,ø,ø,,,
Category 2 Krasis,Large,Monstrosity,,Unaligned,,6,GGtR,211,n,n,n,,,,,ø,,,,,,ø,ø,ø,ø,,,
Category 3 Krasis,Huge,Monstrosity,,Unaligned,,16,GGtR,212,n,n,n,,,,,ø,,,,,,ø,ø,ø,ø,,,
Caterprism,Large,Monstrosity,,Unaligned,,4,FEF,45,n,n,n,,,,,,,,,,,,,,,x,,
Catoblepas,Large,Monstrosity,,Unaligned,,5,FEF,47,n,n,n,,,,,,,,,,,x,,,,,,
Catoblepas,Large,Monstrosity,,Unaligned,,5,VGtM,129,n,n,n,,,,,,,,,,,x,,,,,,
Cats of Ulthar,Huge,Beast,Swarm,Unaligned,,4,CC,58,n,n,n,,,,,,,,,,,,,,,,,
Cauldronborn,Small,Construct,,Unaligned,,2,CC,59,n,n,n,,,,,,,,,,,,,,,,,
Caustic Crawler,Medium,Monstrosity,,Unaligned,,4,MaDC,15,n,n,n,,,,ø,,,ø,ø,ø,ø,ø,ø,,,,,
Cavalry Scout,Medium,Humanoid,Human,Unaligned,,1/2,MaDC,90,n,n,n,,,,,,,,,,,,,,ø,,,
Cave cricket,Small,Beast,,Unaligned,,1/4,FEF,48,n,n,n,,,,,,,,,,,,x,,,,,
Cave Dragon Wyrmling,Medium,Dragon,,Neutral evil,,2,ToB,126,y,n,n,,,,,,,,,,,,ø,,,,,
Cave eel,Medium,Beast,,Unaligned,,1/4,FEF,49,n,n,n,,,,,,,,,,,,x,,,,,
Cave Fisher,Large,Monstrosity,,Unaligned,,2,FEF,50,n,n,n,,,,,,,x,x,,,,x,,,,,
Cave Fisher,Medium,Monstrosity,,Unaligned,,3,VGtM,130,n,n,n,,,,,,,,,,,,x,,,,,
Cave Giant,Huge,Giant,,Chaotic evil,,10,CC,182,n,n,n,Sunlight Petrification,"Multiattack, Handaxe, Tusks, Rock",,,,,,,,,,,,,,,
Cave leech,Large,Beast,,Chaotic evil,,6,FEF,51,n,n,n,,,,,,,,,,,,x,,,,,
Cavelight Moss,Large,Plant,,Neutral,,4,ToB,53,n,n,n,,,,,,,,,,,,ø,,,,,
Ceaseless Discharge,Gargantuan,Fiend,Demon,Chaotic neutral,,14,MaDC,17,n,n,n,,,,,,,,,,,,,,,ø,,
Centaur,Large,Monstrosity,,Neutral good,,2,MM,38,n,n,n,,,,,,,x,x,,,,,,,,,
Centaur Chieftain,Large,Monstrosity,,Chaotic neutral,,5,CC,60,n,n,n,Charge,"Multiattack, Pike, Hooves, Longbow, Leadership, Rearing Strike",,,,,,,,,,,,,,,
Centaur Mummy,Large,Undead,,Lawful evil,,6,TftYP,231,n,n,n,,,,,,,,,,,,,,,,,
Cerebral stalker,Medium,Aberration,,Chaotic evil,,5,FEF,53,n,n,n,,,,,x,,x,x,x,x,,,,,,,
Chain Devil,Medium,Fiend,Devil,Lawful evil,,8,MM,72,n,n,n,,,,,,,,,,,,,,,ø,,
Chain worm,Large,Beast,,Unaligned,,12,FEF,54,n,n,n,,,,,,,x,x,x,,x,x,,,,,
Chained Angel,Medium,Celestial,,Neutral evil,,8,ToB,20,n,n,n,,,,,,,,,,,,,,,ø,,
Chainer Geist,Medium,Undead,,Chaotic evil,,4,MaDC,18,n,n,n,,,,,,,,,,,,ø,,ø,,,
Chamaelean,Small,Humanoid,Chamaelean,Neutral,,1/2,MaDC,19,n,n,n,,,,,,,ø,ø,,,,,,,,,
Chamberlain of Zuggtmoy,Large,Plant,,Chaotic evil,,2,OotA,230,n,n,n,,,,,,,,,,,,,,,,,
Champion,Medium,Humanoid,,Any alignment,,9,TftYP,231,n,n,n,,,,,,,,,,,,,,,,,
Champion,Medium,Humanoid,,Any alignment,,9,ToA,216,n,n,n,,,,,,,,,,,,,,,,,
Champion,Medium,Humanoid,Any Race,Any alignment,,9,VGtM,212,n,n,n,,,,,,x,,,,,,,,x,,,
Champion,Medium,Humanoid,Any Race,Any alignment,,9,WDotMM,312,n,n,n,,,,,,,,,,,,ø,,,,,
Chaos knight,Medium,Fiend,,Chaotic evil,,4,FEF,55,y,n,n,,,,,,,x,x,x,,,,,,,,
Chaos-Spawn Goblin,Small,Humanoid,Goblinoid,Neutral evil,,1/2,CC,190,n,n,n,Nimble Escape,"Multiattack, Scimitar, Psychic Stab",,,,x,,,,,,,,,,,
Chasme,Large,Fiend,Demon,Chaotic evil,,6,MM,57,n,n,n,,,,,,,,,,,,,,,ø,,
Chelicerae,Large,Aberration,,Neutral evil,,7,ToB,54,y,n,n,,,,,,ø,ø,,ø,ø,,,,ø,,,
Chemosh,Huge,Fiend,Demon Lord,Chaotic evil,,19,CC,74,y,y,y,"Amphibious, Aura of Fury, Legendary Resistance, Magic Resistance, Innate Spellcasting","Multiattack, Longsword, Shortsword, Longbow",,,,,,,,,,,,,,,
Chernomoi,Tiny,Fey,,Neutral,,1,ToB,55,y,n,n,,,,,,,,,,,,,,ø,,,
Child of the Briar,Tiny,Plant,,Neutral evil,,1,ToB,56,n,n,n,,,,,,,ø,,ø,,,,,,,,
Child of Yggdrasil,Large,Aberration,,Neutral evil,,6,CC,61,n,n,n,"Acid Touch, Forest Camouflage, Keen Smell","Multiattack, Claw",,,,,,,,,,,,,,,
Chimera,Large,Monstrosity,,Chaotic evil,,6,MM,39,n,n,n,,,,,,,,x,x,x,,x,,,,,
Chitine,Small,Monstrosity,,Chaotic evil,,1/2,VGtM,131,n,n,n,,,,,,,,,,,,x,,,,,
Chittr'k'k,Medium,Fiend,Demon Lord,Chaotic evil,,13,CC,76,n,y,y,"Fire Dancer, Quick Escape, Legendary Resistance","Multiattack, Seoul Bite, Necrotic Flame",Soul Devouring,,,,,,,,,,,,,,
Choker,Small,Aberration,,Chaotic evil,,1,MToF,123,n,n,n,,,,,,,x,,,x,,x,,,,,
Choker,Small,Aberration,,Chaotic evil,,1,TftYP,232,n,n,n,,,,,,,ø,,,ø,,ø,,,,,
Choldrith,Medium,Monstrosity,,Chaotic evil,,3,VGtM,132,y,n,n,,,,,,,,,,,,x,,,,,
Chort,Medium,Fiend,Devil,Lawful evil,,12,ToB,104,y,n,n,,,,,,,,,,,,,,,ø,,
Chronalmental,Large,Elemental,,Unaligned,,8,ToB,57,n,n,n,,,,,,,,,,,,,,,ø,,
Chuhaister,Large,Giant,,Chaotic evil,,7,CC,62,n,n,n,"Feybane, Light Sensitivity","Multiattack, Greatclub, Rock",Deadfall Shield,,,,,,,,,,,,,,
Chupacabra,Small,Humanoid,,Chaotic neutral,,1,FEF,56,n,n,n,,,,,,,x,,x,,x,,,x,,,
Chupacabra,Small,Monstrosity,,Unaligned,,1/2,CC,63,n,n,n,"Keen Hearing and Smell, Running Leap","Bite, Fearful Gaze",Malodorous Stench,,,,,x,x,,,,,,,,
Church grim,Medium,Monstrosity,Incorporeal,Lawful good,,1,FEF,57,n,n,n,,,,,,,,,,,,,,,x,,
Churr,Large,Monstrosity,,Neutral evil,,4,FEF,58,n,n,n,,,,,,,x,,,,x,,,,,,
Chuul,Large,Aberration,,Chaotic evil,,4,MM,40,n,n,n,,,,,,,,,,,,x,,,,,
Chuul Spore Servant,Large,Plant,,Unaligned,,4,OotA,228,n,n,n,,,,,,,,,,,,,,,,,
Chwinga,Tiny,Elemental,,Neutral,,0,ToA,216,y,n,n,,,,,,,,,,,,,,,,,
Cikavak,Tiny,Beast,,Neutral,,1/8,ToB,58,n,n,n,,,,,,,,,,,,,,ø,,,
Cimota,Medium,Undead,,Lawful evil,,2,FEF,59,n,n,n,,,,x,x,x,x,x,x,x,x,x,,x,,,
Cimota guardian,Medium,Undead,,Lawful evil,,4,FEF,59,n,n,n,,,,x,x,x,x,x,x,x,x,x,,x,,,
Cipactli,Medium,Fiend,Demon,Chaotic evil,,5,CC,83,n,n,n,"Amphibious, Underwater Camouflage, Water Step","Multiattack, Bite, Devouring Embrace, Ancient Lullaby",,,,,,,,,,,,,,,
City Watch Captain,Medium,Humanoid,,Lawful neutral,,4,ToB,419,n,n,n,,,,,,,,,,,,,,ø,,,
Clacking Skeleton,Medium,Undead,,Neutral evil,,2,CC,340,n,n,n,,,,,,,,,,,,,,,,,
Clamor,Medium,Aberration,Extraplanar/incorporeal,Unaligned,,2,FEF,62,n,n,n,,,,,,x,x,x,x,x,,,,,,,
Claric of the brew,Medium,Humanoid,Dwarf,Any good,,5,CC,399,y,n,n,,,,,,,,,,,,,,,,,
Clay Golem,Large,Construct,,Unaligned,,9,MM,168,n,n,n,,,,ø,,ø,ø,ø,ø,ø,ø,ø,,ø,ø,,
Cloaker,Large,Aberration,,Chaotic neutral,,8,MM,41,n,n,n,,,,,,,,,,,,x,,,,,
Clockwork Abomination,Large,Construct,,Lawful evil,,5,ToB,59,n,n,n,,,,,,,,,,,,,,ø,,,
Clockwork Abomination,Large,Fiend,,Lawful evil,,5,ToB,59,n,n,n,,,,,,,,,,,,,,ø,,,
Clockwork Assassin,Medium,Construct,,Unaligned,,6,CC,64,n,n,n,"Assassinate, Explosive Core, Immutable form, Magic Resistance, Psychic susceptibility, Sneak Attack, Standing Leap","Multiattack, Rapier, Dissassembly",,,,,,,,,,,,,,,
Clockwork Beetle,Tiny,Construct,,Unaligned,,1/2,ToB,60,n,n,n,,,,ø,ø,ø,ø,ø,ø,ø,ø,ø,,ø,,,
Clockwork Beetle Swarm,Large,Construct,Swarm,Neutral,,3,ToB,61,n,n,n,,,,,,,,,,,,,,ø,,,
Clockwork Dragon,Huge,Construct,,Unaligned,,14,MaDC,21,n,y,n,,,,,,,,,,,,,,ø,ø,,
Clockwork Dragon,Large,Construct,Dragon,Unaligned,,8,CC,111,n,n,n,"Bound, Immutable Form, MAgic Resistance, Siege Monster","Multiattack, Bite, Fist, Fire Breath, Oil Spray, Tail Sweep",,,,,,,,,,,,,,,
Clockwork Hound,Medium,Construct,,Unaligned,,2,ToB,62,n,n,n,,,,,,,,,,,,,,ø,,,
Clockwork Huntsman,Medium,Construct,,Unaligned,,3,ToB,63,n,n,n,,,,,,,,,,,,,,ø,,,
Clockwork Myrmidon,Large,Construct,,Unaligned,,6,ToB,64,n,n,n,,,,,,,,,,,,,,ø,,,
Clockwork Pest,Tiny,Construct,,Unaligned,,1/4,MaDC,22,n,n,n,,,,,,,,,,,,,,ø,ø,,
Clockwork Servant,Medium,Construct,,Unaligned,,1/8,CC,65,n,n,n,"Domestic Retainer, Immutable Form, Magic Resistance",Slam,,,,,,,,,,,,x,,,
Clockwork Soldier,Medium,Construct,,Unaligned,,1,CC,65,n,n,n,"Immutable Form, Intimidating Legions, Magic Resistance","Halberd, Overdrive Flurry",,,,,,,,,,,,x,,,
Clockwork Watchman,Medium,Construct,,Unaligned,,1/2,ToB,65,n,n,n,,,,,,,,,,,,,,ø,,,
Clockwork Weaving Spider,Tiny,Construct,Spider,Unaligned,,1,ToB,66,n,n,n,,,,,,,,,,,,,,ø,,,
Cloud Giant,Huge,Giant,Cloud Giant,Neutral good,,9,MM,154,y,n,n,,,,,,,,,,x,,,,,,,
Cloud Giant Smiling One,Huge,Giant,Cloud Giant,Chaotic neutral,,11,VGtM,146,y,n,n,,,,,,,,,,x,,,,,,,
Clurichaun,Tiny,Fey,,Chaotic neutral,,1/4,ToB,67,y,n,n,,,,,,,,,,,,,,ø,,,
Cobbleswarm,Medium,Monstrosity,Swarm,Unaligned,,2,ToB,68,n,n,n,,,,,,,,,,,,ø,,,,,
Cobra flower,Large,Plant,,Unaligned,,2,FEF,63,n,n,n,,,,x,,,x,,,x,,,,,,,
Cockatrice,Small,Monstrosity,,Unaligned,,1/2,MM,42,n,n,n,,,,,,,,x,,,,,,,,,
Coffer corpse,Medium,Undead,,Chaotic evil,,2,FEF,64,n,n,n,,,,,,,x,x,,,x,x,,,,,
Commoner,Medium,Humanoid,Any Race,Any Alignment,,0,LMoP,56,n,n,n,,,,x,x,x,x,x,x,,,,,x,,,
Commoner,Medium,Humanoid,Any Race,Any alignment,,0,MM,345,n,n,n,,,,x,x,x,x,x,x,,,,,x,,,
Conclave Dryad,Medium,Fey,,Lawful good,,9,GGtR,194,y,n,n,,,,,,,ø,ø,,,,,,ø,,,
Conjurer,Medium,Humanoid,,Any alignment,,6,TftYP,232,y,n,n,,,,,,,,,,,,,,,,,
Conjurer,Medium,Humanoid,Any Race,Any alignment,,6,VGtM,212,y,n,n,,,,,,,,,,,,,,x,,,
Conquest,Medium,Fiend,,Neutral evil,,20,MaDC,127,n,y,n,,,,,,,,,,,,,,,ø,,
Constrictor Snake,Large,Beast,,Unaligned,,1/4,MM,320,n,n,n,,,,,,x,x,,,,x,,x,,,,
Cooshee,Medium,Monstrosity,,Neutral good,,1,FEF,65,n,n,n,,,,,,,x,,,,,,,,,,
Copper Dragon Wyrmling,Medium,Dragon,,Chaotic good,,1,MM,112,n,n,n,,,,,,,,,x,,,,,,,,
Coral Drake,Medium,Dragon,,Neutral evil,,7,ToB,150,n,n,n,,,,,,ø,,,,,,,ø,,,,
Corpse Flower,Large,Plant,,Chaotic evil,,8,MToF,127,n,n,n,,,,,,,x,,,,x,,,,,,
Corpse Mound,Huge,Undead,,Neutral evil,,11,ToB,69,n,n,n,,,,ø,,ø,ø,ø,ø,ø,ø,ø,,,,,
Corpse rook,Large,Monstrosity,,Neutral evil,,4,FEF,66,n,n,n,,,,,,x,,x,x,,,,,,,,
Corpse Thief,Medium,Humanoid,,Neautral,,1/2,CC,66,n,n,n,Object Reading,"Multiattack, Claw, Steal",,x,x,x,x,x,x,x,x,x,x,x,,,
Corpsespinner,Huge,Monstrosity,Extraplanar,Unaligned,,5,FEF,67,n,n,n,,,,,,,,,,,,,,,x,,
Corpsespun,Medium,Undead,,Neutral,,1,FEF,68,n,n,n,,,,,,,,,,,,,,,x,,
Corrupted Ogre Chieftain,Large,Giant,,Chaotic evil,,6,ToB,423,n,n,n,,,,,,,,,,,,,,ø,,,
Corrupting Ooze,Large,Ooze,,Neutral evil,,5,ToB,311,n,n,n,,,,,,,,,,,ø,,,ø,,,
Corruptor,Large,Monstrosity,,Unaligned,,5,MaDC,23,n,n,n,,,,,,,,,,,,ø,,,,,
Cosmotronic Blastseeker,Medium,Humanoid,Any Race,Chaotic neutral,,4,GGtR,242,y,n,n,,,,,,,,,,,,,,ø,,,
Couatl,Medium,Celestial,,Lawful good,,4,MM,43,y,n,n,,,,,,x,x,x,,,,,,x,,,
Counterflux Blastseeker,Medium,Humanoid,Any Race,Chaotic neutral,,2,GGtR,242,y,n,n,,,,,,,,,,,,,,ø,,,
Coven Horror,Large,Monstrosity,,Chaotic evil,,9,MaDC,24,n,n,n,,,,,,,ø,,,,ø,,,,,,
Cow,Large,Beast,"Rothé, Deep Rothé, Ox",Unaligned,,1/4,VGtM,207,n,n,n,,,,,,,,x,,,,x,,x,,,
Crab,Tiny,Beast,,Unaligned,,0,MM,320,n,n,n,,,,,x,,,,,,,,,,,,
Crabman,Large,Monstrosity,,Neutral,,1,FEF,69,n,n,n,,,,,x,,,,,,x,,x,,,,
Crag Cat,Large,Beast,,Unaligned,,1,SKT,240,n,n,n,,,,,,,,,,ø,,,,,,,
Cranium Rat,Tiny,Beast,,Lawful evil,,0,VGtM,133,n,n,n,,,,,,,,,,,,x,,x,,,
Crawling Claw,Tiny,Undead,,Neutral evil,,0,MM,44,n,n,n,,,,,,,,,,,,,,ø,,,
Crimson basilisk,Medium,Monstrosity,,Unaligned,,3,FEF,21,n,n,n,,,,,,,,,,,,x,,,,,
Crimson Drake,Tiny,Dragon,,Chaotic evil,,1,ToB,151,n,n,n,,,,,,,ø,,ø,ø,,,,,,,
Crimson mist,Medium,Aberration,,Neutral evil,,7,FEF,71,n,n,n,,,,,,,,,,,x,x,,,,,
Crimson Mist,Medium,Undead,,Chaotic evil,,6,CC,67,n,n,n,"Pseudocorporeal, Sanguine Feast, Vampire Weaknesses",Engulf,,,,,,,,,,,,,,,
Crocodile,Large,Beast,,Unaligned,,1/2,MM,320,n,n,n,,,,,,,,,,,x,,,x,,,
Crowlock,Tiny,Monstrosity,,Chaotic neutral,,1/2,MaDC,25,n,n,n,,,,,,,ø,,,,ø,,,ø,,,
Crushing Wave Priest,Medium,Humanoid,Human,Neutral evil,,2,PotA,205,y,n,n,,,,,,,,,,,,,,,,,
Crushing Wave Reaver,Medium,Humanoid,Human,Neutral evil,,1/2,PotA,205,n,n,n,,,,,,,,,,,,,,,,,
Crypt Spider,Medium,Beast,,Lawful evil,,2,CC,348,n,n,n,,,,,,,,,,,,,,,,,
Crypt thing,Medium,Undead,,Neutral,,3,FEF,72,n,n,n,,,,,,,,,,,,x,,x,,,
Crystal Elemental,Medium,Elemental,,Neutral,,3,MaDC,26,n,n,n,,,,,,,,,,,,,,,ø,,
Crystalline Devil,Medium,Fiend,Devil,Lawful evil,,6,ToB,105,y,n,n,,,,,,,,,,,,,,,ø,,
Crystalline Dragon,Huge,Dragon,,Any chaotic,,18,MaDC,27,n,y,n,,,,,,,,,,,,,,,ø,,
Crystalline Sliver,Large,Monstrosity,Sliver,Unaligned,,4,MaDC,187,n,n,n,,,,,ø,,ø,ø,ø,ø,ø,ø,,,,,
Cthurkey,Small,Aberration,,Chaotic evil,,3,MaDC,28,n,n,n,,,,,,,,,ø,,,,,,,,
Cueyatl,Small,Humanoid,,Lawful evil,,1/2,CC,68,n,n,n,"Amphibious, Jungle Camouflage, Slippery, Stading Leap",Spear,,,x,,,,,,,,,,,,
Cueyatl Moon Priest,Small,Humanoid,,Lawful evil,,5,CC,68,y,n,n,"Amphibious, Jungle Camouflage, Slippery, Stading Leap, Spellcasting","Morningstar, Night's Chill",,,,,,,,,,,,,,,
Cueyatl Sea Priest,Small,Humanoid,,Lawful evil,,1,CC,69,y,n,n,"Amphibious, Jungle Camouflage, Slippery, Stading Leap, Spellcasting, Speak with Sea Life",Trident,,,,x,,,,,,,,,,,
Cueyatl Warrior,Small,Humanoid,,Lawful evil,,1,CC,69,n,n,n,"Amphibious, Jungle Camouflage, Slippery, Stading Leap",Battleaxe,,,,x,,,,,,,,,,,
Cult Fanatic,Medium,Humanoid,Any Race,Any non-good,,2,MM,345,y,n,n,,,,,,,,,,,,,,x,,,
Cultist,Medium,Humanoid,Any Race,Any non-good,,1/8,LMoP,56,n,n,n,,,,,,,,,,,,,,,,,
Cultist,Medium,Humanoid,Any Race,Any non-good,,1/8,MM,345,n,n,n,,,,,,,,,,,,,,x,,,
Cyclops,Huge,Giant,,Chaotic neutral,,6,MM,45,n,n,n,,,,,x,x,,x,x,x,,x,,,,,
Dagon,Large,Fiend,Aquatic,Chaotic evil,,20,FEF,73,y,y,n,,,,,x,,,,,,x,,x,,x,,
Dao,Large,Elemental,,Neutral evil,,11,MM,143,y,n,n,,,,,,,,,,,,x,,,,,
Darakhul,Medium,Undead,Ghoul,Neutral evil,,3,ToB,216,n,n,n,,,,,,,,,,,ø,ø,,ø,,,
Darakhul High Priestess,Medium,Undead,Ghoul,Neutral evil,,9,CC,172,y,n,n,"Frenzy, Master of Disguise, Stench, Sunlight Sensitivity, Turning Defiance, Spellcasting","Multiattack, Bite, Claw",,,,,,,,,,,,,,,
Darakhul Shadowmancer,Medium,Undead,Ghoul,Neutral evil,,4,CC,173,y,n,n,"Master of Disguise, Shadow Stealth, Stench, Sunlight Sensitivity, Turning Defiance, Spellcasting","Multiattack, Bite, Dagger",,,,,,,,,,,,,,,
Dark creeper,Small,Humanoid,,Chaotic neutral,,1/4,FEF,74,n,n,n,,,,,,,,,,,,x,,,,,
Dark Eye,Medium,Humanoid,Dark Folk,Neutral evil,,3,CC,72,n,n,n,"Dark Devotion, Gaze of Shadows, Sunlight Sensitivity","Multiattack, Dagger",,,,,,,,,,,,,,,
Dark Father,Large,Undead,,Lawful neutral,,4,CC,71,n,n,n,"Death Waits, Incorporeal Movement, None May Stop Death","Life Drain, Final Curtain",Banish Hope,,,,,,,,,,,,,,
Dark Servant,Medium,Humanoid,Dark Folk,Neutral evil,,1,CC,72,n,n,n,"Dark Devotion, Darksight, Pack Tactics, Sunlight Sensitivity","Multiattack, Sickle, Light Crossbow",,,,,,,,,,,,x,,,
Dark stalker,Medium,Humanoid,,Chaotic neutral,,2,FEF,75,y,n,n,,,,,,,,,,,,x,,,,,
Dark Tide Knight,Medium,Humanoid,Human,Lawful evil,,3,PotA,205,n,n,n,,,,,,,,,,,,,,,,,
Dark triton,Large,Monstrosity,Aquatic,Chaotic evil,,1,FEF,233,y,n,n,,,,,x,,,,,,,,x,,,,
Dark Voice,Medium,Humanoid,Dark Folk,Neutral evil,,5,CC,73,n,n,n,"Dark Devotion, Sunlight Sensitivity","Multiattack, Mace, Heacy Crossbow, Whisper of Shadow",,,,,,,,,,,,,,,
Darkling,Small,Fey,,Chaotic evil,,1/2,VGtM,134,n,n,n,,,,,,,x,,,,x,x,,x,,,
Darkling Elder,Medium,Fey,,Chaotic evil,,2,VGtM,134,n,n,n,,,,,,,x,,,,x,x,,x,,,
Darkmantle,Small,Monstrosity,,Unaligned,,1/2,MM,46,n,n,n,,,,,,,,,,,,x,,,,,
Darkwraith,Medium,Aberration,,Lawful evil,,8,MaDC,180,n,n,n,,,,,,,,,,,,,,ø,ø,,
Darnoc,Medium,Undead,,Lawful evil,,2,FEF,76,n,n,n,,,,x,x,x,x,x,x,x,x,x,,x,,,
Dau,Small,Fey,,Chaotic neutral,,4,ToB,70,y,n,n,,,,,,ø,,,,,,,,,,,
Davil Starson,Medium,Humanoid,Elf,Neutral,,6,WDH,199,y,n,n,,,,,,,,,,,,,,ø,,,
Death,Medium,Fiend,,Neutral evil,,20,MaDC,130,n,y,n,,,,,,,,,,,,,,,ø,,
Death Butterfly Swarm,Large,Beast,Swarm,Chaotic evil,,4,ToB,71,n,n,n,,,,,,,ø,,ø,,,,,,,,
"Death Butterfly Swarm, Greater",Huge,Beast,Swarm,Chaotic evil,,6,ToB,71,n,n,n,,,,,,,ø,,ø,,,,,,,,
Death Dog,Medium,Monstrosity,,Neutral evil,,1,MM,321,n,n,n,,,,,,x,,,,,,,,,,,
Death Kiss,Large,Aberration,Beholder,Neutral evil,,10,VGtM,124,n,n,n,,,,,,,,,,,,x,,,,,
Death Knight,Medium,Undead,,Chaotic evil,,17,MM,47,y,n,n,,,,,,,,,,,,,,ø,,,
Death Slaad,Medium,Aberration,Shapechanger,Chaotic evil,,10,MM,278,y,n,n,,,,,,,,,,,,,,,ø,,
Death Tyrant,Large,Undead,Beholder,Lawful evil,,14,MM,29,n,y,n,,,,,,,,,,,,x,,,,,
Death Tyrant (in lair),Large,Undead,,Lawful evil,,15,MM,29,n,y,y,,,,,,,,,,,,x,,,,,
Death Widow,Large,Monstrosity,Spider,Unaligned,,3,MaDC,29,n,n,n,,,,,,,ø,,,,ø,ø,,,,,
Death worm,Large,Monstrosity,,Unaligned,,3,FEF,78,n,n,n,,,,,,,x,x,x,,,,,,,,
Deathcap Myconid,Medium,Plant,Myconid,Neutral evil,,4,ToB,300,n,n,n,,,,,,,,,,,,ø,,,,,
Deathlock,Medium,Undead,,Neutral evil,,4,MToF,128,y,n,n,,,,,,,,,,,,,,x,,,
Deathlock Mastermind,Medium,Undead,,Neutral evil,,8,MToF,129,y,n,n,,,,,,,,,,,,,,x,,,
Deathlock Wight,Medium,Undead,,Neutral evil,,3,MToF,129,y,n,n,,,,,,,,,,,,,,x,,,
Deathlock Wight,Medium,Undead,,Neutral evil,,3,TftYP,233,y,n,n,,,,,,,,,,,,,,ø,,,
Deathpact Angel,Medium,Celestial,Angel,Lawful evil,,14,GGtR,191,y,n,n,,,,,,,,,,,,,,ø,ø,,
Deathsworn,Medium,Humanoid,Elf,Chaotic neutral,,6,CC,142,n,n,n,"Archer's Step, Death Bolt, Fey Ancestry, Keen Hearing and Sight, Magic Weapon, Stealthy Traveler, Surprise Attack","Multiattack, Scimitar, Longbow, Volley",,,,,,,,,,,,,,,
Deathwisp,Medium,Undead,,Neutral evil,,7,ToB,72,n,n,n,,,,,,,ø,,,,,,,ø,ø,,
Decapus,Medium,Aberration,,Chaotic evil,,2,FEF,79,y,n,n,,,,,,,x,,,,,x,,,x,,
Deep Drake,Large,Dragon,,Chaotic evil,,9,ToB,152,n,n,n,,,,,,,,,,,,ø,,,,,
Deep hunter sea serpent,Gargantuan,Dragon,Aquatic,Lawful neutral,,14,FEF,200,n,y,n,,,,,,,,,,,,,x,,,,
Deep One,Large,Aberration,Deep One,Chaotic evil,,6,MaDC,30,n,n,n,,,,,,,,,,,,,ø,ø,,,
Deep One,Medium,Humanoid,,Chaotic evil,,2,ToB,73,n,n,n,,,,,ø,,,,,,,,ø,,,,
Deep One Archimandrite,Large,Humanoid,,Chaotic evil,,8,ToB,74,y,n,n,,,,,ø,,,,,,,,ø,,,,
Deep One Hybrid Priest,Medium,Humanoid,,Chaotic evil,,4,ToB,73,y,n,n,,,,,ø,,,,,,,,ø,,,,
Deep Scion,Medium,Humanoid,Shapechanger,Neutral evil,,3,VGtM,135,n,n,n,,,,,x,,,,,,,,x,,,,
Deep Troll,Large,Giant,,Chaotic evil,,5,MaDC,205,y,n,n,,,,,,,,,,,,ø,,,,,
Deer,Medium,Beast,,Unaligned,,0,MM,321,n,n,n,,,,,,,x,x,,,,,,,,,
Degenerate Titan,Huge,Giant,,Chaotic evil,,8,ToB,381,n,n,n,,,,,,,,,,,,,,,,,
Deinonychus,Medium,Beast,Dinosaur,Unaligned,,1,ToA,217,n,n,n,,,,,,,,,,,,,,,,,
Deinonychus,Medium,Beast,Dinosaur,Unaligned,,1,VGtM,139,n,n,n,,,,,,,x,x,x,,,,,,,,
Demilich,Tiny,Undead,,Neutral evil,,18,MM,48,n,y,n,,,,,,,,,,,,ø,,,,,
Demilich (in lair),Tiny,Undead,,Neutral evil,,20,MM,48,n,y,y,,,,,,,,,,,,ø,,,,,
Demogorgon,Huge,Fiend,"Demon, Lord",Chaotic evil,,26,MToF,144,y,y,y,,,,,,,,,,,,,,,ø,,
Demogorgon,Huge,Fiend,Demon,Chaotic evil,,26,OotA,236,y,y,y,,,,,,,,,,,,,,,ø,,
"Demon Lord of Apes, Mechuiti",Gargantuan,Fiend,Demon,Chaotic evil,,27,ToB,88,n,y,y,,,,,,,,,,,,,,,ø,,
Demon Lord of Bats and Fire Camazotz,Large,Fiend,Demon,Chaotic evil,,22,ToB,85,y,y,n,,,,,,,,,,,,,,,ø,,
Demon Lord of Cockroaches Akyishigal,Large,Fiend,,Chaotic evil,,12,ToB,82,y,y,n,,,,,,,,,,,,,,,ø,,
Demon Lord of Night Alquam,Huge,Fiend,Demon,Chaotic evil,,21,ToB,84,n,y,y,,,,,,,,,,,,,,,ø,,
Demon Lord of the Devouring Worm Qorgeth,Gargantuan,Fiend,Demon,Chaotic evil,,23,ToB,90,y,y,y,,,,,,,,,,,,,,ø,,,
Demonic knight,Medium,Fiend,,Chaotic evil,,5,FEF,82,y,n,n,,,,x,x,x,x,x,x,x,x,x,,x,,,
Denizen of leng,Medium,Aberration,,Chaotic evil,,5,FEF,83,y,n,n,,,,,,x,x,x,x,x,,,,,,,
Derro,Small,Humanoid,Derro,Chaotic evil,,1/4,MToF,158,n,n,n,,,,,,,,,,x,,x,,,ø,,
Derro,Small,Humanoid,Derro,Chaotic evil,,1/4,OotA,224,n,n,n,,,,,,,,,,,,,,,,,
Derro,Small,Humanoid,Derro,Chaotic evil,,5,CC,96,n,n,n,Boon of the Bat,"Multiattack, Quarterstaff, Sling, Drawn from Beyond, Extinguish Light",,,,,,,,,,,,,,,
Derro Fetal Savant,Tiny,Humanoid,,Chaotic evil,,4,ToB,92,n,n,n,,,,,,,,,,,,ø,,,,,
Derro Savant,Small,Humanoid,Derro,Chaotic evil,,3,OotA,225,y,n,n,,,,,,,,,,,,,,,,,
Derro Servant,Small,Humanoid,Derro,Chaotic evil,,3,MToF,159,y,n,n,,,,,,,,,,x,,x,,,ø,,
Derro Shadow Antipaladin,Small,Humanoid,,Chaotic evil,,5,ToB,93,y,n,n,,,,,,,,,,,,ø,,,,,
Desert Giant,Huge,Giant,,Neutral,,9,ToB,222,n,n,n,,,,,,ø,,,,,,,,,,,
Desert Troll,Large,Giant,,Chaotic evil,,6,CC,356,n,n,n,,,,,,,,,,,,,,,,,
Despair,Large,Fiend,,Neutral evil,,15,MaDC,130,n,n,n,,,,,,,,,,,,,,,ø,,
Deva,Medium,Celestial,,Lawful good,,10,MM,16,y,n,n,,,,,,,,,,,,,,,ø,,
Devil Bough,Huge,Fiend,Planar Flora,Neutral evil,,6,CC,302,n,n,n,,,,,,,,,,,,,,,,,
Devil Shark,Gargantuan,Monstrosity,,Neutral evil,,13,CC,98,n,n,n,"Blood Frenzy, Keen Smell, Magic Resistance, Shark Telepathy, Water Breathing","Bite, Swallow, Freezing Breath",,,,,,,,,,,,,,,
Devilbound Gnomish Prince,Small,Humanoid,,Any evil,,9,ToB,420,y,n,n,,,,,ø,,ø,ø,ø,,,,,ø,,,
Devkarin Lich,Medium,Undead,,Neutral evil,,14,GGtR,198,y,y,n,,,,,,,,,,,ø,ø,,ø,,,
Devourer,Large,Fiend,,Chaotic evil,,13,VGtM,138,n,n,n,,,,,,,,,,,,x,,,,,
Dhampir,Medium,Humanoid,Dhampir,Any,,1,CC,106,n,n,n,Undead Resistance,"Multiattack, Rapier, Shortbow, Dark Thirst, Predatory Charm",,,,,,,,,,,,x,,,
Dhampir Commander,Medium,Humanoid,Dhampir,Any,,7,CC,107,n,n,n,"Inspiring Savagry, Undead Resistance","Multiattack, Rapier, Shortbow, Dark Thirst, Predatory Charm, Leadership",,,,,,,,,,,,,,,
Dhergoloth,Medium,Fiend,Yugoloth,Neutral evil,,7,MToF,248,y,n,n,,,,,,,,,,,,x,,,ø,,
Dimetrodon,Medium,Beast,Dinosaur,Unaligned,,1/4,ToA,217,n,n,n,,,,,,,ø,ø,ø,,,,,,,,
Dimetrodon,Medium,Beast,Dinosaur,Unaligned,,1/4,VGtM,139,n,n,n,,,,,x,,,,,,x,,,,,,
Dipsa,Tiny,Ooze,,Unaligned,,1/4,ToB,118,n,n,n,,,,,,,,,,,ø,ø,,,,,
Dire Anglerfish,Huge,Beast,,Unaligned,,5,MaDC,31,n,n,n,,,,,,,,,,,,,ø,,,,
Dire corby,Medium,Monstrosity,,Neutral evil,,1/2,FEF,84,n,n,n,,,,,,,,,,,,x,,,,,
Dire Troll,Huge,Giant,,Chaotic evil,,13,MToF,243,n,n,n,,,,x,,,x,,x,x,,x,,,,,
Dire Wolf,Large,Beast,,Unaligned,,1,MM,321,n,n,n,,,,,,,x,,x,,,,,,,,
Displacer Beast,Large,Monstrosity,,Lawful evil,,3,MM,81,n,n,n,,,,,,,x,,,,,,,,,,
Dissimortuum,Medium,Undead,,Chaotic evil,,7,ToB,119,n,n,n,,,,,,,,,,,,,,ø,,,
Diviner,Medium,Humanoid,Any Race,Any alignment,,8,VGtM,213,y,n,n,,,,,,,,,,,,,,x,,,
Djinni,Large,Elemental,,Chaotic good,,11,MM,144,y,n,n,,,,,x,,,,,,,,,,,,
Dogmole,Medium,Beast,,Neutral,,1,ToB,120,n,n,n,,,,,,,,,,ø,,ø,,,,,
Dogmole Juggernaut,Large,Monstrosity,,Neutral,,5,ToB,121,n,n,n,,,,,,,,,,ø,,ø,,,,,
Dolphin,Medium,Beast,,Unaligned,,1/8,VGtM,208,n,n,n,,,,,x,,,,,,,,x,,,,
Domovoi,Medium,Fey,,Chaotic neutral,,4,ToB,122,y,n,n,,,,,,,ø,,,,,ø,,ø,,,
Doom Golem,Large,Construct,,Unaligned,,10,CC,197,n,n,n,"Fear Aura, Luminous Skeleton, Immutable Form, Magic Resistance, Magic Weapon","Multiattack, Doom Claw, BIte, Wind of Boreas",Doom Upon You,,,,,,,,,,,,,,
Doombat,Large,Monstrosity,,Unaligned,,3,FEF,23,n,n,n,,,,,,,,,,,,x,,,,,
Doomspeaker,Medium,Humanoid,,Chaotic evil,,6,CC,399,y,n,n,,,,,,,,,,,,,,,,,
Doppelganger,Medium,Monstrosity,Shapechanger,Neutral,,3,LMoP,56,n,n,n,,,,,,,,,,,,ø,,ø,,,
Doppelganger,Medium,Monstrosity,Shapechanger,Neutral,,3,MM,82,n,n,n,,,,,,,,,,,,x,,x,,,
Doppelrat,Tiny,Monstrosity,,Unaligned,,2,ToB,123,n,n,n,,,,,,,,,,,,ø,,ø,,,
Dorreq,Medium,Aberration,,Neutral evil,,4,ToB,124,y,n,n,,,,,ø,ø,,ø,ø,ø,ø,ø,,,,,
Dracotaur,Large,Dragon,Dragon,Chaotic neutral,,6,CC,110,n,n,n,Charge,"Multiattack, Bite, Claws, Longsbow, Lightning Arrow, Lightning Breath",,,,,,,,,,,,,,,
Draegloth,Small,Fiend,Demon,Neutral evil,,4,MaDC,32,y,n,n,,,,,,,,,,,,,,,ø,,
Draegloth,Large,Fiend,Demon,Chaotic evil,,7,VGtM,141,y,n,n,,,,,,,,,,,,x,,,,,
Draft Horse,Large,Beast,,Unaligned,,1/4,MM,321,n,n,n,,,,,,,,,,,,,,x,,,
Dragon Eel,Huge,Dragon,,Neutral,,12,ToB,146,n,n,n,,,,,ø,,,,,,,ø,ø,,,,
Dragon Turtle,Gargantuan,Dragon,,Neutral,,17,MM,119,n,n,n,,,,,x,,,,,,,,x,,,,
Dragonbait,Medium,Humanoid,Surial,Lawful good,,5,ToA,218,n,n,n,,,,,,,,,,,,,,,,,
Dragonclaw,Medium,Humanoid,Human,Neutral evil,,1,HotDQ,89,n,n,n,,,,,,,,,,,,,,,,,
Dragonclaw,Medium,Humanoid,Human,Neutral evil,,1,RoT,89,n,n,n,,,,,,,,,,,,,,,,,
Dragonfang,Medium,Humanoid,Human,Neutral evil,,5,RoT,89,n,n,n,,,,,,,,,,,,,,,,,
Dragonleaf Tree,Large,Plant,,Unaligned,,8,ToB,147,n,n,n,,,,,,,ø,,,,,,,,,,
Dragonslayer Ornstein,Medium,Humanoid,,Lawful neutral,,17,MaDC,33,n,y,n,,,,,,,,,,,,,,ø,,,
Dragonsoul,Medium,Humanoid,Human,Neutral evil,,7,RoT,89,n,n,n,,,,,,,,,,,,,,,,,
Dragonwing,Medium,Humanoid,Human,Neutral evil,,2,HotDQ,89,n,n,n,,,,,,,,,,,,,,,,,
Dragonwing,Medium,Humanoid,Human,Neutral evil,,2,RoT,90,n,n,n,,,,,,,,,,,,,,,,,
Drakon,Large,Beast,,Unaligned,,5,ToB,157,n,n,n,,,,,ø,,,,,,,,ø,,,,
Dralmorrer Borngray,Medium,Humanoid,High-Elf,Neutral evil,,3,HotDQ,90,y,n,n,,,,,,,,,,,,,,,,,
Drannin Splithelm,Medium,Humanoid,Shield Dwarf,Neutral evil,,7,PotA,209,n,n,n,,,,,,,,,,,,,,,,,
Dread Warrior,Medium,Undead,,Neutral evil,,1,TftYP,233,n,n,n,,,,,,,,,,,,,,,,,
Dream Eater,Large,Aberration,,Chaotic evil,,10,MaDC,34,n,y,n,,,,,,,,,,,,,,ø,ø,,
Dream Eater,Medium,Fiend,,Lawful evil,,5,ToB,158,y,n,n,,,,,,,,,,,,,,ø,,,
Dream Squire,Medium,Fey,,Neutral,,2,CC,134,n,n,n,"Bound Devotion, Master's Bond","Multiattack, Mace, Light Crossbow",For the Master,,,,,,,,,,,,,,
Dream Wraith,Medium,Undead,,Neutral evil,,5,CC,135,n,n,n,"Create Wraith, Incorporeal Movement, Sunlight Sensitivity","Sleep Touch, Steal Dream",Dreamer's Gaze,,,,,,,,,,,,,,
Dretch,Small,Fiend,Demon,Chaotic evil,,1/4,MM,57,n,n,n,,,,,,,,,,,,,,,ø,,
Drider,Large,Monstrosity,,Chaotic evil,,6,MM,120,y,n,n,,,,,,,,,,,,x,,,,,
Droki,Small,Humanoid,Derro,Chaotic evil,,2,OotA,231,y,n,n,,,,,,,,,,,,,,,,,
Droth,Huge,Aberration,Shoth,Lawful neutral,,12,CC,332,n,n,n,,,,,,,,,,,,,,,,,
Drow,Medium,Humanoid,Elf,Neutral evil,,1/4,MM,128,y,n,n,,,,,,,,,,,,x,,,,,
Drow Arachnomancer,Medium,Humanoid,"Elf, drow",Chaotic evil,,13,MToF,182,y,n,n,,,,,,,,,,,,x,,,,,
Drow Elite Warrior,Medium,Humanoid,Elf,Neutral evil,,5,MM,128,y,n,n,,,,,,,,,,,,x,,,,,
Drow Favored Consort,Medium,Humanoid,"Elf, drow",Chaotic evil,,18,MToF,183,y,n,n,,,,,,,,,,,,x,,,,,
Drow Gunslinger,Medium,Humanoid,Elf,Any alignment,,4,WDH,201,y,n,n,,,,,,,,,,,,,,ø,,,
Drow House Captain,Medium,Humanoid,"Elf, drow",Chaotic evil,,9,MToF,184,y,n,n,,,,,,,,,,,,x,,,,,
Drow Inquisitor,Medium,Humanoid,"Elf, drow",Chaotic evil,,14,MToF,184,y,n,n,,,,,,,,,,,,x,,,,,
Drow Mage,Medium,Humanoid,Elf,Neutral evil,,7,MM,129,y,n,n,,,,,,,,,,,,x,,,,,
Drow Matron Mother,Medium,Humanoid,"Elf, drow",Chaotic evil,,20,MToF,186,y,y,n,,,,,,,,,,,,x,,,,,
Drow Mech,Large,Fey,,Lawful evil,,11,MaDC,35,y,n,n,,,,,,,,,,,,ø,,,,,
Drow Priestess of Lolth,Medium,Humanoid,Elf,Neutral evil,,8,MM,129,y,n,n,,,,,,,,,,,,x,,,,,
Drow Shadowblade,Medium,Humanoid,"Elf, drow",Chaotic evil,,11,MToF,187,y,n,n,,,,,,,,,,,,x,,,,,
Drow Spore Servant,Medium,Plant,,Unaligned,,1/8,OotA,229,n,n,n,,,,,,,,,,,,ø,,,,,
Drowned Maiden,Medium,Undead,,Neutral evil,,5,ToB,159,y,n,n,,,,,ø,,,,,,ø,,ø,ø,,,
Druid,Medium,Humanoid,Any Race,Any alignment,,2,MM,346,y,n,n,,,,x,x,x,x,x,x,x,x,,,,,,
Druid of the Old Ways,Medium,Humanoid,Any Race,Chaotic neutral,,7,GGtR,239,y,n,n,,,,,,,ø,ø,ø,,,,,ø,,,
Dryad,Medium,Fey,,Neutral,,1,MM,121,y,n,n,,,,,,,x,,,,,,,,,,
Dualist Shadow Fey Elves,Medium,Humanoid,Elf,Lawful evil,,6,ToB,171,y,n,n,,,,,,,,,,,,ø,,,ø,,
Duergar,Medium,Humanoid,Dwarf,Lawful evil,,1,MM,122,n,n,n,,,,,,,,,,,,x,,,,,
Duergar Darkhaft,Medium,Humanoid,Dwarf,Lawful evil,,2,OotA,226,y,n,n,,,,,,,,,,,,,,,,,
Duergar Despot,Medium,Humanoid,Dwarf,Lawful evil,,12,MToF,188,y,n,n,,,,,,,,,,x,,x,,,,,
Duergar Hammerer,Medium,Humanoid,Dwarf,Lawful evil,,2,MToF,188,n,n,n,,,,,,,,,,x,,x,,,,,
Duergar Kavalrachni,Medium,Humanoid,Dwarf,Lawful evil,,2,MToF,189,n,n,n,,,,,,,,,,x,,x,,,,,
Duergar Kavalrachni,Medium,Humanoid,Dwarf,Lawful evil,,2,OotA,226,n,n,n,,,,,,,,,,,,,,,,,
Duergar Keeper Of The Flame,Medium,Humanoid,Dwarf,Lawful evil,,2,OotA,226,n,n,n,,,,,,,,,,,,,,,,,
Duergar Mind Master,Medium,Humanoid,Dwarf,Lawful evil,,2,MToF,189,n,n,n,,,,,,,,,,x,,x,,,,,
Duergar Screamer,Medium,Humanoid,Dwarf,Lawful evil,,3,MToF,190,n,n,n,,,,,,,,,,x,,x,,,,,
Duergar Soulblade,Medium,Humanoid,Dwarf,Lawful evil,,1,MToF,190,y,n,n,,,,,,,,,,x,,x,,,,,
Duergar Soulblade,Medium,Humanoid,Dwarf,Lawful evil,,1,OotA,227,y,n,n,,,,,,,,,,,,,,,,,
Duergar Spore Servant,Medium,Plant,,Unaligned,,1/2,OotA,229,n,n,n,,,,,,,,,,,,ø,,,,,
Duergar Spy,Medium,Humanoid,Dwarf,Lawful evil,,2,TftYP,234,n,n,n,,,,,,,,,,,,,,,,,
Duergar Stone Guard,Medium,Humanoid,Dwarf,Lawful evil,,2,MToF,191,n,n,n,,,,,,,,,,x,,x,,,,,
Duergar Stone Guard,Medium,Humanoid,Dwarf,Lawful evil,,2,OotA,227,n,n,n,,,,,,,,,,,,,,,,,
Duergar Warlord,Medium,Humanoid,Dwarf,Lawful evil,,6,MToF,192,n,n,n,,,,,,,,,,x,,x,,,,,
Duergar Xarrorn,Medium,Humanoid,Dwarf,Lawful evil,,2,MToF,193,n,n,n,,,,,,,,,,x,,x,,,,,
Duergar Xarrorn,Medium,Humanoid,Dwarf,Lawful evil,,2,OotA,228,n,n,n,,,,,,,,,,,,,,,,,
Dullahan,Large,Fey,,Lawful evil,,11,ToB,161,y,n,n,,,,,,,,,,,,,,,ø,,
Dune Mimic,Huge,Monstrosity,,Neutral,,8,ToB,162,n,n,n,,,,,,ø,,,,ø,,,,,,,
Duodrone,Medium,Construct,Modron,Lawful neutral,,1/4,MM,225,n,n,n,,,,,,,,,,,,,,,ø,,
Durnan,Medium,Humanoid,Human,Neutral,,9,WDH,203,n,n,n,,,,,,,,,,,,,,ø,,,
Duskdale Wurm,Huge,Beast,,Unaligned,,16,MaDC,36,n,y,n,,,,,,,,,,,,ø,,,,,
Duskdale Wurm,Large,Beast,,Unaligned,,6,MaDC,36,n,y,n,,,,,,,,,,,,ø,,,,,
Duskthorn Dryad,Medium,Fey,Dryad,Any chaotic,,3,ToB,160,y,n,n,,,,,,,ø,ø,,,,,,,,,
Dust digger,Large,Aberration,,Unaligned,,3,FEF,88,n,n,n,,,,,,x,,,,,,,,,,,
Dust Goblin,Small,Humanoid,Goblinoid,Neutral evil,,1/4,ToB,232,n,n,n,,,,,,ø,,,,,,,,,,,
Dust Goblin Chieftain,Small,Humanoid,Goblinoid,Neutral evil,,3,CC,136,n,n,n,"Alien Mind, Cunning Action, Sneak Attack, Twisted","Shortsword, Light Crossbow",Parry,,,,,,,,,,,,,,
Dust Mephit,Small,Elemental,,Neutral evil,,1/2,MM,215,y,n,n,,,,,,x,,,,,,,,,,,
Dvarapala,Huge,Giant,,Any,,5,CC,137,y,n,n,"Divine Words, Keen Senses, Magic Resistance, You shall not Pass!, Innate Spellcasting","Gada, Javelin, Sweeping Strike",,,,,,,,,,,,,,,
Dwarven Ringmage,Medium,Humanoid,Dwarf,Any alignment,,7,ToB,420,y,n,n,,,,,,,,,ø,ø,,ø,,ø,,,
Dybbuk,Medium,Fiend,Demon,Chaotic evil,,4,MToF,132,y,n,n,,,,,,x,,,,,,,,x,ø,,
Eagle,Small,Beast,,Unaligned,,0,MM,322,n,n,n,,,,,x,,,x,x,x,,,,,,,
Eala,Small,Monstrosity,,Unaligned,,2,ToB,163,n,n,n,,,,,,,,,,,,,,,ø,,
Earth Elemental,Large,Elemental,,Neutral,,5,MM,124,n,n,n,,,,,,,,,,,,x,,,,,
Earth Elemental Myrmidon,Medium,Elemental,,Neutral,,7,PotA,212,n,n,n,,,,,,,,,,,,ø,,,,,
Earth Elemental Myrmodon,Medium,Elemental,,Neutral,,7,MToF,202,n,n,n,,,,,,,,,,,,ø,,,,,
Eater of Dust,Medium,Aberration,,Neutral evil,,9,ToB,164,y,n,n,,,,,,ø,,,,,,,,,,,
Eblis,Medium,Monstrosity,,Neutral evil,,1/2,FEF,89,y,n,n,,,,,,,x,,,,x,,,,,,
Eblis,Large,Monstrosity,,Neutral evil,,1,ToA,219,y,n,n,,,,,,,ø,,,,ø,,,,,,
Echo,Medium,Fiend,Demon,Chaotic evil,,6,CC,84,n,n,n,Aura of Cacophany,"Iron Claws, Everywhere at Once, Echoes of the Abyss",,,,,,,,,,,,,,,
Ecstatic Bloom,Huge,Celestial,Planar Flora,Neutral good,,11,CC,303,n,n,n,,,,,,,,,,,,,,,,,
Ectoplasm,Large,Ooze,,Unaligned,,2,FEF,90,n,n,n,,,,x,x,x,x,x,x,x,x,x,,x,,,
Edimmu,Medium,Undead,,Chaotic evil,,4,ToB,165,n,n,n,,,,,,ø,,ø,,,,,,,,,
Edjet Dragonborn,Medium,Humanoid,Dragonborn,Lawful neutral,,3,CC,121,n,n,n,"Line of Battle, Martial Advantage","Multiattack, Halberd, Shortsword, Shortbow, Fire Breath",,,,,,,,,,,,,,,
Eel Hound,Medium,Fey,,Neutral,,2,ToB,166,n,n,n,,,,,ø,,ø,,,,ø,,ø,,,,
Efreeti,Large,Elemental,,Lawful evil,,11,MM,145,y,n,n,,,,,,x,,,,,,,,,,,
Eidolon,Medium,Undead,Eidolon,Any alignment,,12,MToF,194,n,n,n,,,,,x,x,x,x,,x,,,,x,,,
Einherjar,Medium,Humanoid,,Chaotic neutral,,7,ToB,167,y,n,n,,,,ø,,,,,,,,,,,,,
Elder Brain,Large,Aberration,,Lawful evil,,14,VGtM,174,y,y,y,,,,,,,,,,,,x,,,,,
Elder Ghost Boar,Huge,Monstrosity,,Unaligned,,6,CC,169,n,n,n,"Charge, Incorporeal Jaunt, Relentless, Spirit Conduit","Multiattack, Tusk",Ghostly Slip,,,,,,,,,,,,,,
Elder Oblex,Huge,Ooze,Oblex,Lawful evil,,10,MToF,219,y,n,n,,,,,,,,,,,x,x,,x,,,
Elder Shadow Drake,Large,Dragon,,Chaotic evil,,7,ToB,153,n,n,n,,,,,,,ø,,,,,ø,,,,,
Elder Tempest,Gargantuan,Elemental,Elder elemental,Neutral,,23,MToF,200,n,y,n,,,,x,x,,,x,x,x,,,,,,,
Eldrazi Scion,Large,Aberration,,Chaotic evil,,1,MaDC,47,n,n,n,,,,,,,,,,,,,,,ø,,
Eleinomae,Medium,Fey,,Chaotic evil,,5,ToB,168,y,n,n,,,,,,,,,,,ø,,,,,,
Elemental Locus,Gargantuan,Elemental,,Neutral,,17,ToB,169,n,n,n,,,,,,,,,,,,,,,ø,,
Elementalist Dragonborn,Medium,Humanoid,Dragonborn,Lawful neutral,,2,CC,122,y,n,n,"Elemental Focus, War Mage","Multiattack, Scimitar, Fire Breath",,,,,,,,,,,,,,,
Elephant,Huge,Beast,,Unaligned,,4,MM,322,n,n,n,,,,,,,,x,,,,,,,,,
Elfmarked Human,Medium,Humanoid,Half-Elf,Any,,1/2,CC,403,y,n,n,,,,x,x,x,x,x,x,x,x,x,x,x,,,
Elite Kobold,Small,Humanoid,Kobold,Lawful neutral,,1,CC,237,n,n,n,,,,,,,,,,,,x,,x,,,
Elizar Dryflagon,Medium,Humanoid,Human,Neutral evil,,5,PotA,202,y,n,n,,,,,,,,,,,,,,,,,
Elk,Large,Beast,,Unaligned,,1/4,MM,322,n,n,n,,,,,,,x,x,x,,,,,,,,
Elophar,Large,Undead,,Chaotic evil,,4,CC,149,y,n,n,"Ectoplasmic Spray, Possessed by Ancestors, Runic Spellcasting",Slam,,,,,,,,,,,,,,,
Elusa hound,Medium,Monstrosity,,Unaligned,,1,FEF,93,n,n,n,,,,,,,x,x,x,,,,,,,,
Elvish Veteran Archer,Medium,Humanoid,,Chaotic neutral,,3,ToB,422,n,n,n,,,,,,,ø,,,,,,,ø,,,
Emerald Eye,Tiny,Construct,,Chaotic evil,,1,ToB,175,n,n,n,,,,,,,,,,,,,,ø,,,
Emerald Order Cult Leader,Medium,Humanoid,,Lawful neutral,,8,ToB,421,y,n,n,,,,,,,ø,,,,,,,ø,,,
Emperor Ghoul,Medium,Undead,Ghoul,Neutral evil,,20,ToB,218,y,y,y,,,,,,,,,,,ø,ø,,ø,,,
Empty Cloak,Medium,Construct,,Unaligned,,1/2,ToB,176,n,n,n,,,,,,,,,,,,,,ø,,,
Empyrean,Huge,Celestial,Titan,Chaotic good,,23,MM,130,y,y,n,,,,,,,,,,,,,,,ø,,
"Emrakul, The Aeons Torn",Colossal,Aberration,Titan,Chaotic evil,,30,MaDC,48,y,y,n,,,,,,,,,,,,,,,ø,,
Encephalon gorger,Medium,Aberration,,Chaotic evil,,4,FEF,94,n,n,n,,,,,,x,x,x,x,x,,,,,,,
Enchanter,Medium,Humanoid,,Any alignment,,5,TftYP,234,y,n,n,,,,,,,,,,,,,,,,,
Enchanter,Medium,Humanoid,Any Race,Any alignment,,5,VGtM,213,y,n,n,,,,,,,,,,,,,,x,,,
Enchanter,Medium,Humanoid,Elf,Any,,7,CC,143,y,n,n,"Fey Ancestry, Reach of the Fey, Spellcasting","Dagger, Captivating Gaze",Beguiling Parry,,,,,,,,,,,,,,
Enchantress Shadow Fey Elves,Medium,Humanoid,Elf,Lawful evil,,7,ToB,172,y,n,n,,,,,,,,,,,,ø,,,ø,,
Envoker,Medium,Humanoid,,Any alignment,,9,TftYP,235,y,n,n,,,,,,,,,,,,,,,,,
Eonic Drifter,Medium,Humanoid,,Chaotic neutral,,1,ToB,177,n,n,n,,,,,,,,,,,,,,,ø,,
Erina Defender,Small,Humanoid,,Neutral,,1,ToB,178,n,n,n,,,,,,,ø,ø,ø,ø,,,,ø,,,
Erina Scrounger,Small,Humanoid,,Neutral,,1/4,ToB,178,n,n,n,,,,,,,ø,ø,ø,ø,,,,ø,,,
Erinyes,Medium,Fiend,Devil,Lawful evil,,12,MM,73,n,n,n,,,,,,,,,,,,,,,ø,,
Eternal Flame Guardian,Medium,Humanoid,Human,Chaotic evil,,2,PotA,200,n,n,n,,,,,,,,,,,,,,,,,
Eternal Flame Priest,Medium,Humanoid,Human,Neutral evil,,3,PotA,200,y,n,n,,,,,,,,,,,,,,,,,
Ettercap,Medium,Monstrosity,,Neutral evil,,2,MM,131,n,n,n,,,,,,,x,,,,,,,,,,
Ettin,Large,Giant,,Chaotic evil,,4,MM,132,n,n,n,,,,,,,,,x,x,,,,,,,
Evil Doll,Tiny,Construct,Fiend,Lawful evil,,2,MaDC,49,y,n,n,,,,,,,,,,,,,,ø,,,
Evil Mage,Medium,Humanoid,Human,Lawful evil,,1,LMoP,57,y,n,n,,,,,,,,,,,,,,,,,
Evoker,Medium,Humanoid,Any Race,Any alignment,,9,VGtM,214,y,n,n,,,,,,,,,,,,,,x,,,
Execrable Shrub,Medium,Fiend,Planar Flora,Neutral evil,,1/2,CC,304,n,n,n,,,,x,x,x,x,x,x,x,x,x,x,x,,,
Executioner Smough,Large,Humanoid,,Neutral evil,,16,MaDC,50,n,y,n,,,,,,,,,,,,,,ø,,,
Exploding Toad,Tiny,Monstrosity,,Chaotic evil,,1/4,CC,150,n,n,n,"Amphibious, Final Croak, Mad Hopping, Selective Immunity, Standing Leap",Bite,Death Leap,,,,,,,,x,,,,,,
Eye Golem,Large,Construct,,Unaligned,,11,ToB,233,n,n,n,,,,,,,,,,,,ø,,ø,,,
Eye of the Gods,Small,Celestial,Angel,Any,,1,CC,16,n,n,n,,,,,,,,,,,,,,,x,,
Ezmerelda d'Avenir,Medium,Humanoid,Human,Chaotic good,,8,CoS,231,y,n,n,,,,,,,,,,,,,,ø,,,
Fallen Angel,Medium,Celestial,,Lawful evil,,10,MaDC,51,y,n,n,,,,,,,,,,,,,,,ø,,
Famine,Medium,Fiend,,Neutral evil,,20,MaDC,128,y,y,n,,,,,,,,,,,,,,,ø,,
Fang of the Great Wolf,Large,Monstrosity,,Neutral evil,,3,CC,384,n,n,n,,,,,,,,,,,,,,,,,
Fanged sea serpent,Large,Dragon,Aquatic,Neutral evil,,5,FEF,201,n,n,n,,,,,,,,,,,,,x,,,,
Far Darrig,Small,Fey,,Neutral,,3,ToB,179,y,n,n,,,,ø,,,ø,,,,,,,,,,
Far Wanderer,Medium,Aberration,,Neutral,,3,CC,151,n,n,n,"Trader, Traveler","Stardus Blade, Stardust bow, Call to Yorama",,,,,,,,,,,,,,,
Fate Eater,Medium,Aberration,,Neutral,,6,ToB,180,y,n,n,,,,,,,,,,,,,,,ø,,
Father Dagon,Huge,Monstrosity,Deep One,Chaotic evil,,24,MaDC,52,n,y,n,,,,,,,,,,,,,,,ø,,
Fathomer,Medium,Humanoid,Human,Neutral evil,,2,PotA,207,y,n,n,,,,,,,,,,,,,,,,,
Fear,Large,Fiend,,Neutral evil,,15,MaDC,128,n,n,n,,,,,,,,,,,,,,,ø,,
Fear guard,Medium,Undead,,Chaotic evil,,3,FEF,98,n,n,n,,,,,,,,,,,,x,,,,,
Fear Liath,Large,Undead,,Neutral evil,,2,CC,152,n,n,n,"Gray Curse, Unwatchable",Slam,,,,,,,,,,,,,,,
Fear Smith (Fiarsídhe),Medium,Fey,,Chaotic neutral,,10,ToB,181,y,n,n,,,,,,,,,,,,,,,ø,,
Feathergale Knight,Medium,Humanoid,Human,Lawful evil,,1,PotA,189,y,n,n,,,,,,,,,,,,,,,,,
Felidar,Large,Celestial,,Lawful neutral,,5,GGtR,199,n,n,n,,,,,,,,,,,,,,ø,,,
Fellforged,Medium,Construct,,Lawful evil,,5,ToB,182,n,n,n,,,,,,,,,,,,ø,,ø,,,
Female Steeder,Large,Monstrosity,,Unaligned,,1,MToF,238,n,n,n,,,,,,,,,,,,x,,,,,
Female Steeder,Large,Beast,,Unaligned,,1,OotA,231,n,n,n,,,,,,,,,,,,ø,,,,,
Fen witch,Medium,Monstrosity,,Chaotic evil,,2,FEF,99,n,n,n,,,,,,,,,,,x,,,,,,
Feral undead cat,Small,Undead,,Chaotic evil,,1/8,FEF,44,n,n,n,,,,,,,,,,,,x,,x,,,
Fern Lizard,Small,Beast,,Unaligned,,1/2,MaDC,53,n,n,n,,,,,,,ø,,,,,,,,,,
Fetch,Medium,Undead,,Lawful evil,,1,FEF,100,n,n,n,,,,x,,,,,x,x,,,,,,,
Fext,Medium,Undead,,Any alignment,,6,ToB,183,y,n,n,,,,,,,,,,,,,,,ø,,
Fey Drake,Small,Dragon,Drake,Chaotic neutral,,6,CC,127,y,n,n,"Magic Resistance, Superior Invisibility, Innate Spellcasting","Multiattack, Bite, Bewildering Breath",,,,,,,,,,,,,,,
Fey Lord of the Hunt,Medium,Fey,,Lawful neutral,,18,ToB,188,y,y,y,,,,,,,ø,,,,,,,,ø,,
"Fey Lord, Bear King",Medium,Fey,,Lawful neutral,,12,ToB,186,n,y,y,,,,,,,ø,,,,,,,,ø,,
"Fey Lord, Moonlit King",Medium,Fey,,Neutral good,,17,ToB,190,y,y,y,,,,,,,ø,,,,ø,,,,ø,,
"Fey Lord, River King",Medium,Fey,,Chaotic neutral,,16,ToB,196,y,y,y,,,,,,,ø,,,,,,,,ø,,
Fey Queen of Night and Magic,Medium,Fey,,Neutral evil,,21,ToB,192,y,y,y,,,,,,,ø,,,,ø,,,,ø,,
Fey Queen of Witches,Large,Fey,,Neutral,,17,ToB,194,y,y,y,,,,,,,ø,,,,ø,,,,ø,,
Fey Snow Queen,Medium,Fey,,Neutral evil,,16,ToB,198,y,y,y,,,,ø,,,,,,,,,,,ø,,
Feyote,Medium,Fey,,Neutral,,1/4,MaDC,54,y,n,n,,,,,,,ø,,,,,,,,,,
Feyward Tree,Huge,Construct,,Unaligned,,8,ToB,200,n,n,n,,,,,,,ø,,,,ø,,,,,,
Fidele,Medium,Celestial,Angel,Lawful good,,5,ToB,21,y,n,n,,,,,,,,,,,,,,,ø,,
Fierstjerren,Medium,Undead,,Neutral evil,,5,CC,157,n,n,n,"Apotheosis, Thrall Watch","Multiattack, Sword, Terrifying Glare, Thrall Enslavement",,,,,,,,,,,,,,,
Fire Dancer Swarm,Medium,Elemental,Swarm,Neutral evil,,7,ToB,373,n,n,n,,,,,,,,,,,,,,,ø,,
Fire drake,Small,Dragon,,Chaotic evil,,1,FEF,86,n,n,n,,,,,,x,,,x,x,,,,,,,
Fire Elemental,Large,Elemental,,Neutral,,5,MM,125,n,n,n,,,,,,x,,,,,,,,,,,
Fire Elemental Myrmidon,Medium,Elemental,,Neutral,,7,PotA,213,n,n,n,,,,,,ø,,,,,,,,,,,
Fire Elemental Myrmodon,Medium,Elemental,,Neutral,,7,MToF,203,n,n,n,,,,,,ø,,,,,,,,,,,
Fire Giant,Huge,Giant,Fire Giant,Lawful evil,,9,MM,154,n,n,n,,,,,,,,,,x,,x,,,,,
Fire Giant Dreadnought,Huge,Giant,Fire Giant,Lawful evil,,14,VGtM,147,n,n,n,,,,,,,,,,x,,x,,,,,
Fire Imp,Tiny,Fiend,Devil,Lawful evil,,1/2,CC,103,n,n,n,"Devil's Sight, Fire Absorption, Heat Metal, Magic Resistance","Fire Touch, Hurl Flame",,,,,,,,,,,,,x,,
Fire Snake,Medium,Elemental,,Neutral evil,,1,MM,265,n,n,n,,,,,,,,,,,,x,,,,,
Firebird,Small,Celestial,,Neutral good,,4,ToB,201,y,n,n,,,,,,,,,,,,,,,ø,,
Firefist,Medium,Humanoid,Any Race,Lawful good,,7,GGtR,231,y,n,n,,,,,,,,,,,,,,ø,,,
Firegeist,Small,Elemental,,Neutral evil,,2,ToB,202,n,n,n,,,,,,ø,,,,,,,,,ø,,
Firemane Angel,Medium,Celestial,Angel,Chaotic good,,12,GGtR,190,y,n,n,,,,,,,,,,,,,,ø,ø,,
Firenewt Giant Strider,Large,Monstrosity,Firenewt,Neutral evil,,1,VGtM,143,n,n,n,,,,,,x,,,x,x,,x,,,,,
Firenewt Warlock of Imix,Medium,Humanoid,,Neutral evil,,1,ToA,219,y,n,n,,,,,,,,,,,,,,,,,
Firenewt Warlock of Imix,Medium,Humanoid,Firenewt,Neutral evil,,1,VGtM,143,y,n,n,,,,,,x,,,x,x,,x,,,,,
Firenewt Warrior,Medium,Humanoid,,Neutral evil,,1/2,ToA,219,n,n,n,,,,,,,,,,,,,,,,,
Firenewt Warrior,Medium,Humanoid,Firenewt,Neutral evil,,1/2,VGtM,142,n,n,n,,,,,,x,,,x,x,,x,,,,,
Five Spire Initiate,Medium,Humanoid,,Any lawful,,3,MaDC,123,n,n,n,,,,,,ø,,,,,,,,ø,,,
Flab Giant,Large,Giant,,Chaotic evil,,4,ToB,223,n,n,n,,,,,,,ø,ø,ø,ø,ø,,,,,,
Flagstone golem,Large,Construct,,Unaligned,,7,FEF,126,n,n,n,,,,x,x,x,x,x,x,x,x,x,,x,,,
Flail snail,Large,Monstrosity,Elemental,Unaligned,,3,FEF,103,n,n,n,,,,,,,x,,,,x,x,,x,,,
Flail Snail,Large,Elemental,,Unaligned,,3,ToA,220,n,n,n,,,,,,,ø,,,,ø,ø,,,,,
Flail Snail,Large,Elemental,,Unaligned,,3,VGtM,144,n,n,n,,,,,,,x,,,,x,x,,,,,
Flame Dragon Wyrmling,Medium,Dragon,,Chaotic evil,,3,ToB,131,n,n,n,,,,,,,ø,,,ø,ø,,,,,,
Flame Eater Swarm,Medium,Beast,Swarm,Unaligned,,2,CC,158,n,n,n,"Consume Flame, Swarm","Multiattack, Bite",,,,,,,,,,,,,,,
Flame-Scourged Scion,Huge,Aberration,,Chaotic evil,,9,CC,159,n,n,n,"Burning Rage, Firesight, Groundbreaker","Multiattack, Tentacle, Embers",,,,,,,,,,,,,,,
Flameskull,Tiny,Undead,,Neutral evil,,4,LMoP,57,y,n,n,,,,,,,,,,,,ø,,,,,
Flameskull,Tiny,Undead,,Neutral evil,,4,MM,134,y,n,n,,,,,,,,,,,,x,,,,,
Flamewrath,Medium,Humanoid,Human,Chaotic evil,,6,PotA,201,y,n,n,,,,,,,,,,,,,,,,,
Flesh Golem,Medium,Construct,,Neutral,,5,MM,169,n,n,n,,,,,ø,,ø,ø,ø,,ø,ø,,ø,ø,,
Flesh Reaver,Medium,Undead,,Neutral evil,,1/2,CC,160,n,n,n,"Keen Senses, Leap, Pack Tactics","Claw, Consume Flesh",,x,x,x,x,x,x,x,x,x,x,x,,,
Fleshpod Hornet,Large,Beast,,Unaligned,,6,CC,161,n,n,n,Flying Charge,"Multiattack, Slam, Stinger",,,,,,,,,,,,,,,
Flind,Medium,Humanoid,Gnoll,Chaotic evil,,9,VGtM,153,n,n,n,,,,x,,,x,x,x,,,,,,,,
Flowershroud,Large,Plant,,Unaligned,,1,FEF,104,n,n,n,,,,,,,x,x,x,,x,,,,,,
Flumph,Small,Aberration,,Lawful good,,1/8,MM,135,n,n,n,,,,,,,,,,,,x,,,,,
Flutterflesh,Large,Undead,,Chaotic evil,,12,ToB,203,n,n,n,,,,,,,,,,,,,,ø,,,
Flux Blastseeker,Medium,Humanoid,Any Race,Chaotic neutral,,5,GGtR,242,y,n,n,,,,,,,,,,,,,,ø,,,
Fluxcharger,Large,Elemental,Weird,Chaotic neutral,,7,GGtR,208,n,n,n,,,,,,,,,,,,,,ø,ø,,
Flying ape,Large,Monstrosity,,Chaotic neutral,,2,FEF,12,n,n,n,,,,,,,x,x,x,,,,,,,,
Flying Horror,Medium,Aberration,,Neutral evil,,3,GGtR,203,n,n,n,,,,,,,,,,,,ø,,ø,,,
Flying Monkey,Small,Beast,,Unaligned,,0,ToA,220,n,n,n,,,,,,,ø,,,,,,,,,,
Flying Polyp,Huge,Aberration,,Chaotic evil,,11,CC,162,y,n,n,"Aura of Wind, Incorporeal Movement, Magic Resistance, Innate Spellcasting","Multiattack, Tentacle, Bite, Cyclone, Etherealness",Fist of Wind,,,,,,,,,,,,,,
Flying Snake,Tiny,Beast,,Unaligned,,1/8,MM,322,n,n,n,,,,,,x,x,x,,,,,,x,,,
Flying Sword,Small,Construct,,Unaligned,,1/4,MM,20,n,n,n,,,,ø,ø,ø,ø,ø,ø,ø,ø,ø,ø,ø,,,
Folk of Leng,Medium,Humanoid,,Neutral evil,,2,ToB,204,y,n,n,,,,,,ø,ø,ø,ø,,,,,,,,
Fomorian,Huge,Giant,,Chaotic evil,,8,MM,136,n,n,n,,,,,,,,,,,,x,,,,,
Foo dog,Medium,Monstrosity,,Chaotic good,,2,FEF,105,n,n,n,,,,,,,,,,,,,,,x,,
Forest Drake,Small,Dragon,Drake,Neutral,,2,CC,128,n,n,n,Mighty Leap,"Multiattack, Bite, Claw Fire Breath",,,,,,,,,,,,,,,
Forest Hunter Shadow Fey Elves,Medium,Humanoid,Elf,Lawful evil,,5,ToB,173,y,n,n,,,,,,,,,,,,ø,,,ø,,
Forest Marauder,Large,Giant,,Chaotic evil,,4,ToB,205,n,n,n,,,,,,,ø,ø,ø,ø,,,,,,,
Forester's bane,Large,Plant,,Unaligned,,5,FEF,106,n,n,n,,,,,,,x,x,,,,,,,,,
Four-armed gargoyle,Medium,Monstrosity,,Chaotic evil,,4,FEF,113,n,n,n,,,,x,x,x,x,x,x,x,x,x,,x,,,
Foxfire Ooze,Large,Ooze,,Unaligned,,10,CC,283,n,n,n,,,,,,,,,,,,,,,,,
Foxin,Small,Fey,,Neutral,,1/2,CC,163,n,n,n,"Keen Senses, Neutral Presence","Bite, Illusory calm",,,,,x,x,,,,,,x,,,
Foxwere,Small,Monstrosity,Shapechanger,Lawful evil,,1/2,FEF,227,n,n,n,,,,x,,,x,,x,,,x,,,,,
Fractal Golem,Large,Construct,,Unaligned,,8,CC,198,n,n,n,"Fractalize, Immutable Form, Magic Resistance, Magic Weapon",Slam,,,,,,,,,,,,,,,
Fragrite,Medium,Elemental,Shapechanger,Chaotic neutral,,6,CC,164,n,n,n,"Sand Camouflage, Sand Glide, Shapechager","Multiattack, Spontaneous Explosion",,,,,,,,,,,,,,,
Fraughashar,Small,Fey,,Neutral evil,,1/2,ToB,206,n,n,n,,,,ø,,,,,,ø,,,,,,,
Fraz-Urb'luu,Large,Fiend,"Demon, Lord",Chaotic evil,,23,MToF,146,y,y,y,,,,,,,,,,,,,,,ø,,
Fraz-Urb'luu,Large,Fiend,Demon,Chaotic evil,,23,OotA,238,y,y,y,,,,,,,,,,,,,,,ø,,
Frog,Tiny,Beast,,Unaligned,,0,MM,322,n,n,n,,,,,ø,,ø,,,,ø,ø,ø,,,,
Froghemoth,Huge,Aberration,Monstrosity,Unaligned,,11,FEF,107,n,n,n,,,,,,,,,,,x,x,,,,,
Froghemoth,Huge,Monstrosity,,Unaligned,,10,ToA,221,n,n,n,,,,,,,,,,,ø,ø,,,,,
Froghemoth,Huge,Monstrosity,,Unaligned,,10,VGtM,145,n,n,n,,,,,,,,,,,x,x,,,,,
Froghoul,Medium,Undead,,Chaotic evil,,2,MaDC,55,n,n,n,,,,,,,,,,,,ø,,ø,,,
Frontline Medic,Medium,Humanoid,Any Race,Lawful good,,1/4,GGtR,231,y,n,n,,,,,,,,,,,,,,ø,,,
Frost Giant,Huge,Giant,Frost Giant,Neutral evil,,8,MM,155,n,n,n,,,,x,,,,,,x,,,,,,,
Frost Giant Everlasting One,Huge,Giant,Frost Giant,Chaotic evil,,12,VGtM,148,n,n,n,,,,x,x,,,,,,,,,,,,
Frost Giant Jarl,Huge,Giant,,Neutral evil,,11,MaDC,56,n,y,n,,,,ø,,,,,,,,,,,,,
Frost Salamander,Huge,Elemental,,Unaligned,,9,MToF,223,n,n,n,,,,x,,,,,,,,,,,,,
Frostveil,Medium,Plant,,Unaligned,,4,ToB,207,n,n,n,,,,ø,,,,,,,,,,,,,
Frulam Mondath,Medium,Humanoid,Human,Lawful evil,,2,HotDQ,90,y,n,n,,,,,,,,,,,,,,,,,
Fulad-Zereh,Huge,Fiend,Demon,Chaotic evil,,9,CC,85,n,n,n,"Petrifying Gaze, Weeping Acid","Multiattack, Barbed Whip, Battleaxe",,,,,,,,,,,,,,,
Fulminar,Large,Elemental,,Neutral,,9,CC,165,n,n,n,"Flyby, Essence og Lightning, Lightning Form","Multiattack, Bite, Claw, Lightning Shackles",,,,,,,,,,,,,,,
Fungoid,Medium,Plant,Fungus,Neutral evil,,2,FEF,108,n,n,n,,,,,,,,,,,x,,,,,,
Fungus bat,Medium,Plant,Fungus,Unaligned,,1/4,FEF,109,n,n,n,,,,,,,,,,,,x,,,,,
Fungus gargoyle,Medium,Plant,Fungus,Neutral evil,,3,FEF,114,y,n,n,,,,,,x,x,x,x,,,x,,,,,
Furnace golem,Large,Construct,,Unaligned,,9,FEF,127,n,n,n,,,,x,x,x,x,x,x,x,x,x,,x,,,
Fusion Elemental,Huge,Elemental,,Neutral,,15,MaDC,57,n,y,n,,,,,,,,,,,,,,,ø,,
Fyr,Small,Fey,,Neutral,,1/4,FEF,110,y,n,n,,,,,,,x,,,x,,,,,,,
Gaki,Medium,Undead,,Chaotic evil,,8,CC,222,n,n,n,,,,,,,,,,,,,,,,,
Galeb Duhr,Medium,Elemental,,Neutral,,6,MM,139,n,n,n,,,,,,,,,x,x,,,,,,,
Gallows tree,Huge,Plant,,Unaligned,,13,FEF,111,n,n,n,,,,,,,x,x,x,,x,,,,,,
Gallows tree zombie,Medium,Plant,,Unaligned,,2,FEF,112,n,n,n,,,,,,,x,x,x,,x,,,,,,
Galvanic Blastseeker,Medium,Humanoid,Any Race,Chaotic neutral,,5,GGtR,243,y,n,n,,,,,,,,,,,,,,ø,,,
Galvanice Weird,Medium,Elemental,Weird,Chaotic neutral,,1,GGtR,209,n,n,n,,,,,,,,,,,,,,ø,ø,,
Gar Shatterkeel,Medium,Humanoid,Human,Neutral evil,,9,PotA,208,y,n,n,,,,,,,,,,,,,,,,,
Gar Shatterkeel (with Lair Actions),Medium,Humanoid,Human,Neutral evil,,13,PotA,208,y,n,y,,,,,,,,,,,,,,ø,,,
Gargoctopus,Large,Monstrosity,,Neutral,,5,CC,167,n,n,n,"Multiattack, Bite, Tentacle, Fling, Tentacle Slam, Ink Cloud",,,,,,,,,,,,,,,,
Gargoyle,Medium,Elemental,,Chaotic evil,,2,MM,140,n,n,n,,,,,,,,,,,,x,,x,,,
Garroter Crab,Tiny,Beast,,Unaligned,,1/4,ToB,208,n,n,n,,,,,ø,,,,,,,,ø,,,,
Gas Spore,Large,Plant,,Unaligned,,1/2,MM,138,n,n,n,,,,,,,,,,,,x,,,,,
Gauth,Medium,Aberration,Beholder,Lawful evil,,6,VGtM,125,n,n,n,,,,,,,,,,,,x,,,,,
Gazellean,Medium,Humanoid,Gazellean,Neutral,,1/2,MaDC,58,n,n,n,,,,,,ø,,,,,,,,,,,
Gazer,Tiny,Aberration,Beholder,Neutral evil,,1/2,VGtM,126,n,n,n,,,,,,,,,,,,x,,,,,
Gazer,Tiny,Aberration,,Neutral evil,,1/2,WDH,203,n,n,n,,,,,,,,,,,,,,ø,,,
Gbahali,Huge,Beast,,Unaligned,,6,ToB,209,n,n,n,,,,,,ø,,ø,ø,ø,,,,,,,
Gear Mage,Medium,Humanoid,,Lawful neutral,,4,CC,401,y,n,n,,,,,,,,,,,,,,,,,
Gearforged Templar,Medium,Humanoid,,Lawful neutral,,6,ToB,210,n,n,n,,,,,,,,,,,,,,ø,,,
Gelatinous Cube,Large,Ooze,,Unaligned,,2,MM,242,n,n,n,,,,,,,,,,,,x,,,,,
Gelectrode,Large,Ooze,,Unaligned,,6,MaDC,59,n,n,n,,,,,,,,,,,,,,ø,,,
Gerridae,Large,Fey,,Neutral,,1,ToB,212,n,n,n,,,,,ø,,ø,,,,ø,,,,,,
Geryon,Huge,Fiend,"Devil, Archdevil",Lawful evil,,22,MToF,173,y,y,y,,,,,,,,,,,,,,,ø,,
Ghald,Large,Humanoid,Sahuagin,Lawful evil,,7,PotA,209,n,n,n,,,,,,,,,,,,,,,,,
Ghast,Medium,Undead,Ghoul,Chaotic evil,,2,MM,148,n,n,n,,,,,,,,,,,x,x,,x,,,
Ghast of Lang,Large,Aberration,,Neutral evil,,3,CC,168,n,n,n,"Blood Frenzy, Keen Smell, Sunlight Sensitivity","Bite, Claws",,,,,,,,,,,,,,,
Ghoast Boar,Large,Monstrosity,,Unaligned,,3,CC,169,n,n,n,"Charge, Incorporeal Jaunt, Relentless",Tusk,Tusk Swipe,,,,,,,,,,,,,,
Ghost,Medium,Undead,,Any alignment,,4,MM,147,n,n,n,,,,,,,,,,,,x,,x,,,
Ghost ammonite,Medium,Undead,,Unaligned,,2,FEF,118,n,n,n,,,,,,,,,,,,,,x,,,
Ghost Dragon,Large,Undead,Dragon,Any,,11,CC,170,n,n,n,"Ethereal Sight, Incorporeal Movement","Multiattack, Claw, Withering Bite, Etherealness, Horrifying Breath",,,,,,,,,,,,,,,
Ghost Dwarf,Medium,Undead,Dwarf,Neutral evil,,6,CC,171,n,n,n,"Aura of Defiance, Ethereal Sight, Incorporeal Movement, Sunlight Sensitivity","Multiattack, CGhostly Axe, Hand of the Grave, Prayers Unanswered, Etherealness",,,,,,,,,,,,,,,
Ghost Knight,Medium,Humanoid,,Lawful evil,,6,ToB,423,n,n,n,,,,,,,,,,,,,,ø,,,
Ghostwalk Spider,Large,Monstrosity,Spider,Neutral evil,,9,ToB,361,n,n,n,,,,,,,,,,,,ø,,,,,
Ghoul,Medium,Undead,,Chaotic evil,,1,LMoP,58,n,n,n,,,,,,,,,,,ø,ø,,ø,,,
Ghoul,Medium,Undead,Ghoul,Chaotic evil,,1,MM,148,n,n,n,,,,,,,,,,,x,x,,x,,,
Ghoulsteed,Large,Undead,,Neutral evil,,3,CC,177,n,n,n,"Pounce, Sprint, Undead Fortitude","Multiattack, Bite",,,,,,,,,,,,,,,
Giant Albino Bat,Huge,Monstrosity,,Neutral evil,,3,CC,50,n,n,n,,,,,,,,,,,,,,,,,
Giant Ant,Large,Beast,,Unaligned,,2,ToB,23,n,n,n,,,,,,ø,ø,ø,ø,,ø,ø,,,,,
Giant ant exoskeleton,Large,Construct,,Unaligned,,1/2,FEF,95,n,n,n,,,,,,x,,x,,,,,,,,,
Giant Ant Queen,Large,Beast,,Unaligned,,4,ToB,23,n,n,n,,,,,,ø,ø,ø,ø,,ø,ø,,,,,
Giant Ape,Huge,Beast,,Unaligned,,7,MM,323,n,n,n,,,,,,,x,,,,,,,,,,
Giant Badger,Medium,Beast,,Unaligned,,1/4,MM,323,n,n,n,,,,,,,x,,,,,,,,,,
Giant Bat,Large,Beast,,Unaligned,,1/4,MM,323,n,n,n,,,,,,,x,,,,,,,,,,
Giant beetle exoskeleton,Large,Construct,,Unaligned,,2,FEF,96,n,n,n,,,,,,x,x,x,x,x,,,,,,,
Giant Boar,Large,Beast,,Unaligned,,2,MM,323,n,n,n,,,,,,,x,x,x,,,,,,,,
Giant Centipede,Small,Beast,,Unaligned,,1/4,MM,323,n,n,n,,,,,,,x,x,x,,,x,,,,,
Giant clam,Large,Beast,,Unaligned,,1/4,FEF,61,n,n,n,,,,,x,,,,,,,,x,,,,
Giant Constrictor Snake,Huge,Beast,,Unaligned,,2,MM,324,n,n,n,,,,,,,x,,,,x,x,x,,,,
Giant Crab,Medium,Beast,,Unaligned,,1/8,MM,324,n,n,n,,,,,x,,,,,,,,,,,,
Giant crab exoskeleton,Large,Construct,,Unaligned,,3,FEF,97,y,n,n,,,,,,x,x,x,x,x,,,,,,,
Giant Crayfish,Large,Beast,,Unaligned,,2,TftYP,235,n,n,n,,,,,,,,,,,,,,,,,
Giant Crocodile,Huge,Beast,,Unaligned,,5,MM,324,n,n,n,,,,,,,,,,,x,,,,,,
Giant Eagle,Large,Beast,,Neutral good,,1,MM,324,n,n,n,,,,,x,,,x,x,x,,,,,,,
Giant Eel,Huge,Aberration,,Unaligned,,5,MaDC,60,n,n,n,,,,,,,,,,,,,ø,,,,
Giant electric catfish,Large,Beast,Aquatic,Unaligned,,3,FEF,46,n,n,n,,,,,x,,,,,,x,,x,,,,
Giant Elk,Huge,Beast,,Unaligned,,2,MM,325,n,n,n,,,,,,,x,x,x,,,,,,,,
Giant Fire Beetle,Small,Beast,,Unaligned,,0,MM,325,n,n,n,,,,,,,,,,,,x,,,,,
Giant Four-Armed Gargoyle,Large,Elemental,,Chaotic evil,,10,ToA,221,n,n,n,,,,,,,,,,,,,,,,,
Giant Frog,Medium,Beast,,Unaligned,,1/4,MM,325,n,n,n,,,,,,,x,,,,x,,,,,,
Giant Goat,Large,Beast,,Unaligned,,1/2,MM,326,n,n,n,,,,,,,,x,x,x,,,,x,,,
Giant horsefly,Large,Beast,,Unaligned,,1/2,FEF,146,n,n,n,,,,x,x,x,x,x,x,x,x,x,,x,,,
Giant Hyena,Large,Beast,,Unaligned,,1,MM,326,n,n,n,,,,,,x,x,x,x,,,,,,,,
Giant Ice Toad,Large,Monstrosity,,Neutral,,3,TftYP,235,n,n,n,,,,ø,,,,,,,,,,,,,
Giant Lightning Eel,Large,Beast,,Unaligned,,3,TftYP,236,n,n,n,,,,,,,,,,,,,,,,,
Giant Lizard,Large,Beast,,Unaligned,,1/4,MM,326,n,n,n,,,,,x,x,x,,,,x,x,,,,,
Giant moray eel,Medium,Beast,Aquatic,Unaligned,,2,FEF,91,n,n,n,,,,,x,,,,,,x,,x,,,,
Giant Moth,Small,Beast,Giant Moth,Unaligned,,1/8,CC,178,n,n,n,Antennae,"Proboscis, Powdery Wings",,x,x,x,x,x,x,x,x,x,x,x,,,
Giant Octopus,Large,Beast,,Unaligned,,1,MM,326,n,n,n,,,,,,,,,,,,,x,,,,
Giant Owl,Large,Beast,,Neutral,,1/4,MM,327,n,n,n,,,,x,,,x,,x,,,,,,,,
Giant Poisonous Snake,Medium,Beast,,Unaligned,,1/4,MM,327,n,n,n,,,,,,x,x,x,,,x,x,,x,,,
Giant Rat,Small,Beast,,Unaligned,,1/8,MM,327,n,n,n,,,,,,,x,,,,x,x,,x,,,
Giant rhinoceros beetle,Large,Beast,,Unaligned,,4,FEF,24,n,n,n,,,,,,,x,x,x,,,,,,,,
Giant Scorpion,Large,Beast,,Unaligned,,3,MM,327,n,n,n,,,,,,x,,,,,,,,,,,
Giant sea horse,Large,Beast,,Unaligned,,1/2,FEF,205,n,n,n,,,,,,,,,,,,,x,,,,
Giant Sea Horse,Large,Beast,,Unaligned,,1/2,MM,328,n,n,n,,,,,,,,,,,,,x,,,,
Giant Shark,Huge,Beast,,Unaligned,,5,MM,328,n,n,n,,,,,,,,,,,,,x,,,,
Giant Shark Bowl,Huge,Ooze,,Unaligned,,8,CC,284,n,n,n,,,,,,,,,,,,,,,,,
Giant Skeleton,Huge,Undead,,Neutral evil,,7,TftYP,236,n,n,n,,,,,,,,,,,ø,ø,,ø,,,
Giant slicer beetle,Large,Beast,,Unaligned,,3,FEF,24,n,n,n,,,,,,,x,x,x,,,,,,,,
Giant Sloth,Large,Beast,,Unaligned,,7,CC,345,n,n,n,,,,,,,,,,,,,,,,,
Giant slug of p'nahk,Large,Fiend,,Chaotic evil,,4,FEF,119,n,n,n,,,,,,,,,,,x,,x,,x,,
Giant Spider,Large,Beast,Spider,Unaligned,,1,LMoP,58,n,n,n,,,,,,ø,ø,,,,ø,ø,,ø,,,
Giant Spider,Large,Beast,Spider,Unaligned,,1,MM,328,n,n,n,,,,,,x,x,,,,x,x,,x,,,
Giant Strider,Large,Monstrosity,,Neutral evil,,1,ToA,222,n,n,n,,,,,,,,,,,,,,,,,
Giant Subterranean Lizard,Huge,Beast,,Unaligned,,4,TftYP,236,n,n,n,,,,,,,,,,,,ø,,,,,
Giant Toad,Large,Beast,,Unaligned,,1,MM,329,n,n,n,,,,,x,x,x,,,,x,x,,,,,
Giant Vampire Bat,Large,Beast,,Unaligned,,2,CC,50,n,n,n,,,,,,,,,,,,,,,,,
Giant Vulture,Large,Beast,,Neutral evil,,1,MM,329,n,n,n,,,,,,x,,x,,,,,,,,,
Giant Wasp,Medium,Beast,,Unaligned,,1/2,MM,329,n,n,n,,,,,,,x,x,,,,,,,,,
Giant water beetle,Medium,Beast,Aquatic,Unaligned,,1/2,FEF,25,n,n,n,,,,,x,,,,,,x,,x,,,,
Giant Weasel,Medium,Beast,,Unaligned,,1/8,MM,329,n,n,n,,,,,,,x,x,x,,,,,,,,
Giant Wolf Spider,Medium,Beast,Spider,Unaligned,,1/4,MM,330,n,n,n,,,,,x,x,x,x,x,,,,,,,,
Giat Snapping Turtle,Large,Beast,,Unaligned,,3,ToA,222,n,n,n,,,,,ø,,,,,,,,ø,,,,
Gibbering Mouther,Medium,Aberration,,Neutral,,2,MM,157,n,n,n,,,,,,,,,,,,x,,,,,
Giff,Medium,Humanoid,,Lawful neutral,,3,MToF,204,n,n,n,,,,,,,,,,,,,,x,,,
Gilded Devil,Medium,Fiend,Devil,Lawful evil,,7,ToB,106,y,n,n,,,,,,,,,,,,,,,ø,,
Gill-man,Medium,Monstrosity,,Neutral,,6,MaDC,61,n,n,n,,,,,,,,,,,ø,,ø,,,,
Gillmonkey,Small,Beast,Aquatic,Chaotic evil,,1/4,FEF,121,n,n,n,,,,,x,,,,,,,,x,,,,
Ginormous Squirrel,Gargantuan,Beast,,Unaligned,,16,MaDC,62,n,y,n,,,,,,,ø,,,,,,,,,,
Girallon,Large,Monstrosity,,Unaligned,,4,ToA,222,n,n,n,,,,,,,ø,,,,,,,,,,
Girallon,Large,Monstrosity,,Unaligned,,4,VGtM,152,n,n,n,,,,,,,x,,,,,,,,,,
Girallon Zombie,Large,Undead,,Chaotic evil,,3,ToA,240,n,n,n,,,,,,,,,,,ø,ø,,,,,
Githyanki Anarch,Medium,Humanoid,Gith,Lawful evil,,16,MToF,207,y,y,y,,,,,,x,,,,x,,,,x,,,
Githyanki Enlightened,Medium,Humanoid,Gith,Lawful evil,,10,MToF,208,y,n,n,,,,,,x,,,,x,,,,x,,,
Githyanki Gish,Medium,Humanoid,Gith,Lawful evil,,10,MToF,205,y,n,n,,,,,,x,,,,x,,,,x,,,
Githyanki Gish,Medium,Humanoid,Gith,Lawful evil,,10,WDotMM,312,y,n,n,,,,,,,,,,,,ø,,,,,
Githyanki Kith'rak,Medium,Humanoid,Gith,Lawful evil,,12,MToF,205,y,n,n,,,,,,x,,,,x,,,,x,,,
Githyanki Knight,Medium,Humanoid,Gith,Lawful evil,,8,MM,160,y,n,n,,,,,,,,,,,,,,,ø,,
Githyanki Supreme Commander,Medium,Humanoid,Gith,Lawful evil,,14,MToF,206,y,y,n,,,,,,x,,,,x,,,,x,,,
Githyanki Warrior,Medium,Humanoid,Gith,Lawful evil,,3,MM,160,y,n,n,,,,,,,,,,,,,,,ø,,
Githzerai Monk,Medium,Humanoid,Gith,Lawful neutral,,2,MM,161,y,n,n,,,,,,,,,,,,,,,ø,,
Githzerai Zerth,Medium,Humanoid,Gith,Lawful neutral,,6,MM,161,y,n,n,,,,,,,,,,,,,,,ø,,
Glabrezu,Large,Fiend,Demon,Chaotic evil,,9,MM,58,y,n,n,,,,,,,,,,,,,,,ø,,
Glacial ooze,Large,Ooze,,Unaligned,,1,FEF,178,n,n,n,,,,x,,,,,,x,,,,,,,
Gladeborn Hunter,Medium,Humanoid,Any race,Neutral,,5,MaDC,63,n,n,n,,,,,,,ø,ø,,,,,,ø,,,
Gladeborn Trapper,Medium,Humanoid,Any race,Neutral,,3,MaDC,63,n,n,n,,,,,,,ø,ø,,,,,,ø,,,
Gladiator,Medium,Humanoid,Any Race,Any alignment,,5,MM,346,n,n,n,,,,,,,,,,,,,,x,,,
Glass Gator,Large,Beast,,Unaligned,,1,ToB,228,n,n,n,,,,,ø,,,,,,ø,ø,ø,,,,
Glass Golem,Small,Construct,,Unaligned,,2,CC,200,n,n,n,,,,,,,,,,,,,,,,,
Gloamwing,Large,Undead,,Neutral evil,,8,GGtR,215,n,n,n,,,,,,,,,,,,,,ø,ø,,
Gloom crawler,Huge,Monstrosity,,Neutral,,10,FEF,122,n,n,n,,,,,,,x,x,x,,,x,,,,,
Gloom Weaver,Medium,Humanoid,"Elf, Shadar-Kai",Neutral,,9,MToF,224,y,n,n,,,,,,,,,,,,x,,x,,,
Gloomflower,Tiny,Plant,,Unaligned,,3,CC,188,n,n,n,"Blur, Psychic Scream","Multiattack, Psychic Strike, Corrupting Visions",,,,,,,,,,,,,,,
Glory,Large,Fiend,,Neutral evil,,15,MaDC,127,n,n,n,,,,,,,,,,,,,,,ø,,
Gnarljak,Small,Construct,,Unaligned,,6,ToB,229,n,n,n,,,,,,,,,,,,,,,,,
Gnarlwood,Huge,Plant,,Neutral evil,,8,FEF,123,y,n,n,,,,,,,x,,,,,,,,,,
Gnoll,Medium,Humanoid,Gnoll,Chaotic evil,,1/2,MM,163,n,n,n,,,,,,x,x,x,x,,,,,,,,
Gnoll Deathknight,Medium,Humanoid,Gnoll,Chaotic evil,,6,MaDC,64,n,n,n,,,,,,ø,ø,ø,ø,,,,,,,,
Gnoll Deathmage,Medium,Humanoid,Gnoll,Chaotic evil,,7,MaDC,65,y,n,n,,,,,,ø,ø,ø,ø,,,,,,,,
Gnoll Fang of Yeenoghu,Medium,Fiend,Gnoll,Chaotic evil,,4,MM,163,n,n,n,,,,,,x,x,x,x,,,,,,,,
Gnoll Flesh Gnawer,Medium,Humanoid,Gnoll,Chaotic evil,,1,VGtM,154,n,n,n,,,,x,,,x,x,x,,,,,,,,
Gnoll Havoc Runner,Medium,Humanoid,Gnoll,Chaotic evil,,3,ToB,230,n,n,n,,,,,,ø,ø,ø,ø,,,,,,,,
Gnoll Hunter,Medium,Humanoid,Gnoll,Chaotic evil,,1/2,VGtM,154,n,n,n,,,,x,,,x,x,x,,,,,,,,
Gnoll Pack Lord,Medium,Humanoid,Gnoll,Chaotic evil,,2,MM,163,n,n,n,,,,,,x,x,x,x,,,,,,,,
Gnoll Slaver,Medium,Humanoid,Gnoll,Chaotic evil,,3,CC,189,n,n,n,Rampage,"Multiattack, Bite, Whip, longbow, Menace Captives",,,,,,,,,,,,,,,
Gnoll Witherling,Medium,Undead,Gnoll,Chaotic evil,,1/4,VGtM,155,n,n,n,,,,x,,,x,x,x,,x,x,,x,,,
Gnomish Knife Culist,Small,Humanoid,Gnome,Chaotic evil,,5,CC,402,y,n,n,,,,,,,,,,,,,,,,,
Goat,Medium,Beast,,Unaligned,,0,MM,330,n,n,n,,,,,,,,x,x,x,,,,x,,,
Goat-Man,Medium,Monstrosity,,Chaotic evil,,3,ToB,231,n,n,n,,,,,,,,ø,ø,ø,,,,ø,,,
Goblin,Small,Humanoid,Goblinoid,Neutral evil,,1/4,LMoP,58,n,n,n,,,,,,,,,,,,,,,,,
Goblin,Small,Humanoid,Goblinoid,Neutral evil,,1/4,MM,166,n,n,n,,,,,,,x,x,x,,,x,,,,,
Goblin Alchemist,Small,Humanoid,Goblinoid,Neutral evil,,1/2,MaDC,66,n,n,n,,,,,,,ø,ø,ø,,,ø,,,,,
Goblin Boss,Small,Humanoid,Goblinoid,Neutral evil,,1,MM,166,n,n,n,,,,,,,x,x,x,,,x,,,,,
Goblin Ritualist,Small,Humanoid,Goblinoid,Neutral evil,,1/2,MaDC,66,y,n,n,,,,,,,ø,ø,ø,,,ø,,,,,
Gohl (hydra cloud),Large,Aberration,,Chaotic evil,,8,FEF,124,n,n,n,,,,,,,,,,,,x,,,x,,
Gold Dragon Wyrmling,Medium,Dragon,,Lawful good,,3,MM,115,n,n,n,,,,,,,x,x,,,,,,,,,
Golden cat,Tiny,Beast,,Unaligned,,0,FEF,125,n,n,n,,,,,x,,x,x,x,,,,,x,,,
Golgari Shaman,Medium,Humanoid,Elf,Neutral evil,,5,GGtR,236,y,n,n,,,,,,,,,,,ø,ø,,ø,,,
Goliath Longlegs,Gargantuan,Monstrosity,,Unaligned,,7,CC,206,n,n,n,,,,,,,,,,,,,,,,,
Gorbel,Small,Aberration,,Neutral,,1/4,FEF,130,n,n,n,,,,,,,x,,,,x,,,,,,
Goreling,Small,Undead,,Unaligned,,1/4,CC,207,n,n,n,,,,x,x,x,x,x,x,x,x,x,x,x,,,
Gorgimera,Large,Monstrosity,,Unaligned,,7,FEF,131,n,n,n,,,,,,,,,x,x,,,,,,,
Gorgon,Large,Monstrosity,,Unaligned,,5,MM,171,n,n,n,,,,,,,x,x,x,,,,,,,,
Gorilla bear,Medium,Monstrosity,,Unaligned,,1,FEF,132,n,n,n,,,,,,,x,,,,x,,,,,,
Goristro,Huge,Fiend,Demon,Chaotic evil,,17,MM,59,n,n,n,,,,,,,,,,,,,,,ø,,
Grave Behemoth,Huge,Undead,,Neutral evil,,10,CC,208,n,n,n,,,,,,,,,,,,,,,,,
Grave Titan,Huge,Undead,,Neutral evil,,10,MaDC,68,n,n,n,,,,,,,,,,,,,,ø,,,
Gravecrawler,Medium,Undead,,Neutral evil,,1,MaDC,69,n,n,n,,,,,,,,,,,,ø,,ø,,,
Graveslayer,Medium,Humanoid,Dwarf,Any non-evil,,4,CC,400,n,n,n,,,,,,,,,,,,,,,,,
Gray nisp,Large,Fey,,Chaotic neutral,,6,FEF,133,n,n,n,,,,,x,,,,,,x,,x,,,,
Gray Ooze,Medium,Ooze,,Unaligned,,1/2,MM,243,n,n,n,,,,,,,,,,,,x,,,,,
Gray Render,Large,Monstrosity,,Chaotic neutral,,12,MToF,209,n,n,n,,,,,,,x,,x,,,,,,,,
Gray Slaad,Medium,Aberration,Shapechanger,Chaotic neutral,,9,MM,277,y,n,n,,,,,,,,,,,,,,x,,,
Gray Thirster,Medium,Undead,,Neutral evil,,2,ToB,238,n,n,n,,,,,,ø,,,,,,,,,,,
Graz'zt,Large,Fiend,"Demon, Lord, Shapechanger",Chaotic evil,,24,MToF,149,y,y,y,,,,,,,,,,,,,,,ø,,
Graz'zt,Large,Fiend,"Demon, Shapechanger",Chaotic evil,,24,OotA,241,y,y,y,,,,,,,,,,,,,,,ø,,
Great Grey Wolf Sif,Large,Beast,,Lawful good,,13,MaDC,70,n,n,n,,,,,,,ø,ø,,,,,,,,,
Great Mandrake ,Tiny,Plant,,Unaligned,,1,CC,260,n,n,n,,,,,,,,,,,,,,x,,,
Greater basilisk,Large,Monstrosity,,Neutral evil,,5,FEF,22,n,n,n,,,,,,x,,,,,,,,,,,
Greater boneneedle,Medium,Beast,,Unaligned,,1,FEF,34,n,n,n,,,,,,,,,,,,x,,,,,
Greater fire crab,Large,Monstrosity,,Unaligned,,2,FEF,101,n,n,n,,,,,,,,,,,,,,,x,,
Greater Rakshasa,Medium,Fiend,,Lawful evil,,15,CC,312,y,y,y,,,,,,,,,,,,,,,,,
Greater Scrag,Large,Monstrosity,,Chaotic evil,,7,CC,322,n,n,n,,,,,,,,,,,,,,,,,
Greater Zombie,Medium,Undead,,Neutral evil,,5,TftYP,237,n,n,n,,,,,,,,,,,ø,ø,,,,,
Green Abishai,Medium,Fiend,Devil,Lawful evil,,15,MToF,162,y,n,n,,,,,,,,,,,,,,x,ø,,
Green Abyss Orc,Medium,Humanoid,Orc,Chaotic evil,,1/2,CC,291,n,n,n,,,,,,,x,,,,,,,,,,
Green brain,Small,Plant,,Lawful evil,,1,FEF,134,n,n,n,,,,,,,,,,,,x,,,,,
Green dracolisk,Large,Dragon,,Unaligned,,7,FEF,85,n,n,n,,,,,,,x,,,,,x,,,,,
Green Dragon Wyrmling,Medium,Dragon,,Lawful evil,,2,MM,95,n,n,n,,,,,,,x,,,,,,,,,,
Green guardian gargoyle,Medium,Monstrosity,,Chaotic evil,,1,FEF,115,n,n,n,,,,x,x,x,x,x,x,x,x,x,,x,,,
Green Hag,Medium,Fey,Hag,Neutral evil,,3,MM,177,y,n,n,,,,,,,x,,x,,x,,,,,,
Green Knight of the Woods,Medium,Fey,,Lawful neutral,,6,CC,209,n,n,n,,,,,,,,,,,,,,,,,
Green Slaad,Large,Aberration,Shapechanger,Chaotic neutral,,8,MM,277,y,n,n,,,,,,,,,,,,,,,ø,,
Grell,Medium,Aberration,,Neutral evil,,3,MM,172,n,n,n,,,,,,,,,,,,x,,,,,
Grick,Medium,Monstrosity,,Neutral,,2,LMoP,58,n,n,n,,,,,,,ø,,,,,ø,,,,,
Grick,Medium,Monstrosity,,Neutral,,2,MM,173,n,n,n,,,,,,,x,,,,,x,,,,,
Grick Alpha,Large,Monstrosity,,Neutral,,7,MM,173,n,n,n,,,,,,,x,,,,,x,,,,,
Griffon,Large,Monstrosity,,Unaligned,,2,MM,174,n,n,n,,,,x,x,,,x,x,x,,,,,,,
Griffon Cavalry Rider,Medium,Humanoid,Any Race,Any alignment,,2,WDH,197,n,n,n,,,,,,,,,,,,,,ø,,,
Grim Jester,Medium,Undead,,Chaotic evil,,11,ToB,240,y,n,n,,,,,,,,,,,,,,ø,,,
Grimlock,Medium,Humanoid,Grimlock,Neutral evil,,1/4,MM,175,n,n,n,,,,,,,,,,,,x,,,,,
Grimm,Large,Fey,,Neutral evil,,7,FEF,135,y,n,n,,,,,,,,,,x,,,,,,,
Grindylow,Medium,Aberration,,Chaotic evil,,1,CC,210,n,n,n,,,,,,,,,,,,,x,,,,
Grippli,Small,Humanoid,,Neutral,,1/4,FEF,136,n,n,n,,,,,,,x,,,,x,,,,,,
Grisha,Medium,Humanoid,Damaran Human,Chaotic evil,,2,OotA,232,y,n,n,,,,,,,,,,,,,,,,,
Grove Guardian,Large,Fey,,Neutral,,5,MaDC,71,y,n,n,,,,,,,ø,,,,,,,,,,
Grue (type 1),Large,Ooze,,Unaligned,,4,FEF,137,n,n,n,,,,,,,,,,,,x,,,,,
Grue (type 2),Medium,Aberration,,Chaotic evil,,2,FEF,138,n,n,n,,,,,,,x,x,x,,,x,,,,,
Grung,Small,Humanoid,Grung,Lawful evil,,1/4,ToA,223,n,n,n,,,,,,,,,,,,,,,,,
Grung,Small,Humanoid,Grung,Lawful evil,,1/4,VGtM,156,n,n,n,,,,,,,x,,,,,,,,,,
Grung Elite Warrior,Small,Humanoid,Grung,Lawful evil,,2,ToA,223,n,n,n,,,,,,,,,,,,,,,,,
Grung Elite Warrior,Small,Humanoid,Grung,Lawful evil,,2,VGtM,157,n,n,n,,,,,,,x,,,,,,,,,,
Grung Wildling,Small,Humanoid,Grung,Lawful evil,,1,ToA,224,y,n,n,,,,,,,,,,,,,,,,,
Grung Wildling,Small,Humanoid,Grung,Lawful evil,,1,VGtM,157,y,n,n,,,,,,,x,,,,,,,,,,
Gruul Goblin,Small,Humanoid,Goblinoid,Neutral evil,,1/2,MaDC,67,n,n,n,,,,,,,ø,ø,ø,,,ø,,,,,
Guard,Medium,Humanoid,Any Race,Any alignment,,1/8,MM,347,n,n,n,,,,,x,x,,x,x,x,,,,x,,,
Guard Drake,Medium,Dragon,,Unaligned,,2,HotDQ,91,n,n,n,,,,ø,,ø,,,,ø,ø,ø,,ø,,,
Guard Drake,Medium,Dragon,,Unaligned,,2,RoT,90,n,n,n,,,,ø,,ø,,,,ø,ø,ø,,ø,,,
Guard Drake,Medium,Dragon,,Unaligned,,2,VGtM,158,n,n,n,,,,x,,x,,,,x,x,x,,x,,,
Guardian Giant,Huge,Giant,,Lawful neutral,,8,GGtR,201,n,n,n,,,,,,,,,,,,,,ø,,,
Guardian Naga,Large,Monstrosity,,Lawful good,,10,MM,234,y,n,n,,,,,,x,x,,,,,,,,,,
Guardian Portrait,Medium,Construct,,Unaligned,,1,CoS,227,y,n,n,,,,,,,,,,,,,,ø,,,
Guardian Shadow Fey Elves,Large,Humanoid,Elf,Neutral evil,,4,ToB,174,y,n,n,,,,,,,,,,,,ø,,,ø,,
Gug,Large,Aberration,Dreamlander,Chaotic evil,,4,MaDC,72,n,n,n,,,,,,,,,,,,,,,ø,,
Gug,Huge,Giant,,Neutral evil,,12,ToB,241,n,n,n,,,,,,,,,,,,ø,,,,,
Gugalania,Huge,Celestial,,Chaotic good,,21,CC,211,n,y,n,,,,,,,,,,,,,,,,,
Gulon,Large,Monstrosity,,Unaligned,,6,CC,212,n,n,n,,,,,,,,,,,,,,,,,
Gulper eel,Large,Beast,Aquatic,Unaligned,,3,FEF,92,n,n,n,,,,,x,,,,,,,,x,,,,
Gumienniki,Small,Fiend,Shapechanger,Neutral evil,,1,CC,213,n,n,n,,,,,,,,,,,,,,,x,,
Gynosphinx,Large,Monstrosity,,Lawful neutral,,11,MM,282,y,y,y,,,,,,x,,,,,,,,,,,
Gypsosphinx,Large,Monstrosity,Sphinx,Neutral evil,,14,ToB,359,y,y,n,,,,,,ø,,,,,,,,ø,,,
Hadrosaurus,Large,Beast,Dinosaur,Unaligned,,1/4,ToA,224,n,n,n,,,,,,,,ø,,,ø,,,,,,
Hadrosaurus,Large,Beast,Dinosaur,Unaligned,,1/4,VGtM,140,n,n,n,,,,,,,,x,,,x,,,,,,
Hair Golem,Small,Construct,,Unaligned,,1/4,CC,200,n,n,n,,,,x,x,x,x,x,x,x,x,x,x,x,,,
Halaster Blackcloak,Medium,Humanoid,Human,Chaotic evil,,23,WDotMM,310,y,y,y,,,,,,,,,,,,ø,,,,,
Half-Black Dragon Warlord,Medium,Humanoid,"Orc, Dragon",Chaotic evil,,5,MaDC,158,n,n,n,,,,ø,,,ø,ø,ø,ø,ø,ø,,,,,
Half-ogre,Large,Giant,,Any chaotic,,1,MM,38,n,n,n,,,,x,,x,x,,x,x,,x,,x,,,
Half-orc Barbarian,Medium,Humanoid,Half-orc,Chaotic neutral,,3,MaDC,138,n,n,n,,,,ø,,,ø,ø,ø,ø,ø,ø,,,,,
Half-Orc Warpriest,Medium,Humanoid,Half-orc,Chaotic neutral,,3,MaDC,151,y,n,n,,,,ø,,,ø,ø,ø,ø,ø,ø,,,,,
Half-Red Dragon Veteran,Medium,Humanoid,Human,Any alignment,,5,MM,180,n,n,n,,,,,,,,,,,,,,ø,,,
Hallowed Reed,Medium,Celestial,Planar Flora,Neutral good,,1/2,CC,305,n,n,n,,,,x,x,x,x,x,x,x,x,x,x,x,,,
Hanged man,Medium,Undead,,Chaotic evil,,1/2,FEF,139,n,n,n,,,,x,x,x,x,x,x,x,x,x,,x,,,
Hangman tree,Huge,Plant,,Neutral evil,,7,FEF,140,n,n,n,,,,,,,x,,,,x,,,,,,
Hanu-naga,Large,Monstrosity,,Chaotic evil,,2,FEF,175,n,n,n,,,,,,,x,,,x,x,,,,x,,
Harpy,Medium,Monstrosity,,Chaotic evil,,1,MM,181,n,n,n,,,,,x,,x,,x,x,,,,,,,
Hastur,Medium,Aberration,Great Old One,Unaligned,,30,MaDC,73,n,y,n,,,,,,,,,,,,,,,ø,,
Haugbui,Medium,Undead,,Lawful neutral,,13,ToB,247,y,n,n,,,,,,,,,,,,,,,,,
Haunted Giant,Huge,Giant,,Neutral,,6,CC,183,n,n,n,"Ancestral Spirits, Reckless, See Invisibility, Steadfast","Multiattack, Greatclub, Rock",,,,,,,,,,,,,,,
Hawanar Genie,Large,Fiend,,Lawful neutral,,7,FEF,117,y,n,n,,,,,,,,,,,,,,,x,,
Hawk,Tiny,Beast,,Unaligned,,0,MM,330,n,n,n,,,,,ø,,ø,ø,ø,ø,ø,,,,,,
Hawkfox,Medium,Monstrosity,,Unaligned,,2,MaDC,74,n,n,n,,,,,,,,ø,ø,,,,,,,,
Hawktoad,Small,Monstrosity,,Unaligned,,1/4,FEF,141,n,n,n,,,,,,,x,,,,x,,,,,,
Headless Horseman,Medium,Fiend,,Lawful evil,,8,MaDC,75,n,n,n,,,,,,,,,,,,,,ø,,,
Heavy Cavalry Dragonborn,Medium,Humanoid,Dragonborn,Lawful neutral,,2,CC,123,n,n,n,"Cavalry Charge, Locked Saddle, Mounted Warrior","Heavy Crossbow, Tample, Fire Breath",,,,,,,,,,,,,,,
Helix moth adult,Huge,Beast,,Unaligned,,6,FEF,142,n,n,n,,,,,,,x,,,,,x,,,,,
Helix moth larva,Large,Beast,,Unaligned,,2,FEF,142,n,n,n,,,,,,,,,,,,x,,,,,
Hell Hound,Medium,Fiend,,Lawful evil,,3,MM,182,n,n,n,,,,,,,,,,x,,x,,,,,
Hellenrae,Medium,Humanoid,Human,Lawful evil,,5,PotA,198,n,n,n,,,,,,,,,,,,,,,,,
Hellfire Engine,Huge,Construct,,Lawful evil,,16,MToF,165,n,n,n,,,,,,,,,,,,,,,ø,,
Helmed Horror,Medium,Construct,,Neutral,,4,MM,183,n,n,n,,,,,,,,,,,,,,ø,,,
Herald of Blood,Huge,Fiend,,Neutral evil,,12,ToB,248,n,y,n,,,,,,,,,,,,,,,ø,,
Herald of Darkness,Large,Fiend,,Neutral evil,,7,ToB,249,n,n,n,,,,,,,,,,,,,,,ø,,
Herald of Fire,Large,Dragon,Dragon,Lawful evil,,12,CC,215,n,y,n,,,,,,,,,,,,,,,,,
Herald of Rot,Large,Fiend,Demon,Chaotic evil,,6,MaDC,76,n,n,n,,,,,,,,,,,,,,,ø,,
Herald of the Great Wyrm,Large,Dragon,Dragon,Lawful neutral,,15,CC,217,n,y,n,,,,,,,,,,,,,,,,,
Herald of Undeath,Large,Undead,,Lawful evil,,11,CC,219,n,n,n,,,,,,,,,,,,,,,,,
Hezrou,Large,Fiend,Demon,Chaotic evil,,8,MM,60,n,n,n,,,,,,,,,,,,,,,ø,,
Hieroglyphicroc,Large,Undead,,Lawful evil,,3,FEF,143,n,n,n,,,,,,x,,,,,,,,,x,,
Hierophant Lich,Medium,Undead,,Any evil,,9,CC,252,y,y,y,,,,,,,,,,,,,,,,,
High cimota,Medium,Undead,,Lawful evil,,6,FEF,60,n,n,n,,,,x,x,x,x,x,x,x,x,x,,x,,,
Hill Giant,Huge,Giant,,Chaotic evil,,5,MM,155,n,n,n,,,,,,,,,x,,,,,,,,
Hippocampus,Large,Monstrosity,,Chaotic good,,1,FEF,144,n,n,n,,,,,x,,,,,,,,x,,,,
Hippogriff,Large,Monstrosity,,Unaligned,,1,MM,184,n,n,n,,,,,,,,x,x,x,,,,,,,
Hlam,Medium,Humanoid,Human,Lawful good,,16,WDH,204,y,y,n,,,,,,,,,,,,,,ø,,,
Hoar fox,Small,Monstrosity,,Unaligned,,1,FEF,145,n,n,n,,,,x,,,x,,x,,,,,,,,
Hoard Golem,Huge,Construct,,Unaligned,,12,ToB,234,n,n,n,,,,,,,,,,,,ø,,ø,,,
Hobgoblin,Medium,Humanoid,Goblinoid,Lawful evil,,1/2,LMoP,59,n,n,n,,,,,,,,,,,,,,,,,
Hobgoblin,Medium,Humanoid,Goblinoid,Lawful evil,,1/2,MM,186,n,n,n,,,,,,x,x,x,x,,,x,,,,,
Hobgoblin Captain,Medium,Humanoid,Goblinoid,Lawful evil,,3,MM,186,n,n,n,,,,,,x,x,x,x,,,x,,,,,
Hobgoblin Devastator,Medium,Humanoid,Goblinoid,Lawful evil,,4,VGtM,161,y,n,n,,,,,,,x,x,x,,,x,,,,,
Hobgoblin Iron Shadow,Medium,Humanoid,Goblinoid,Lawful evil,,2,VGtM,162,y,n,n,,,,,,,x,x,x,,,x,,,,,
Hobgoblin Warlord,Medium,Humanoid,Goblinoid,Lawful evil,,6,MM,187,n,n,n,,,,,,x,x,x,x,,,x,,,,,
Homunculus,Tiny,Construct,,Neutral,,0,MM,188,n,n,n,,,,,,,,,,,,,,ø,,,
Hook Horror,Large,Monstrosity,,Neutral,,3,MM,189,n,n,n,,,,,,,,,,,,x,,,,,
Hook Horror Spore Servant,Medium,Plant,,Unaligned,,3,OotA,229,n,n,n,,,,,,,,,,,,ø,,,,,
Horakh,Medium,Monstrosity,,Neutral,,9,ToB,250,n,n,n,,,,,,,ø,,,,ø,ø,,,,,
Horncaller,Medium,Humanoid,Any Race,Lawful good,,1,GGtR,253,y,n,n,,,,,,,ø,ø,ø,,,,,ø,,,
Horned Devil,Large,Fiend,Devil,Lawful evil,,11,MM,74,n,n,n,,,,,,,,,,,,,,,ø,,
Horned Serpent,Large,Monstrosity,,Unaligned,,12,CC,220,n,n,n,,,,,,,,,,,,,,,,,
Hound of the Night,Large,Monstrosity,,Unaligned,,5,ToB,251,y,n,n,,,,ø,,,ø,,,,,,,,,,
Hound of Tindalos,Medium,Aberration,,Neutral evil,,8,CC,221,n,n,n,,,,,,,,,,,,,,,,,
Howler,Large,Fiend,,Chaotic evil,,8,MToF,210,n,n,n,,,,,,x,,x,x,,,x,,,,,
Howling Hatred Initiate,Medium,Humanoid,Human,Neutral evil,,1/8,PotA,190,n,n,n,,,,,,,,,,,,,,,,,
Howling Hatred Priest,Medium,Humanoid,Human,Neutral evil,,2,PotA,190,y,n,n,,,,,,,,,,,,,,,,,
Hrabbaz,Medium,Humanoid,Half-Orc,Neutral evil,,5,WDH,205,n,n,n,,,,,,,,,,,,,,ø,,,
Hraesvelgr the Corpse Swallower,Huge,Giant,,Neutral,,19,ToB,224,y,y,y,,,,ø,,,,,,ø,,,,,,,
Huggermugger,Small,Humanoid,,Chaotic evil,,1/4,FEF,147,n,n,n,,,,,,,,,,,,x,,,,,
Hulking Crab,Huge,Beast,,Unaligned,,5,SKT,240,n,n,n,,,,,ø,,,,,,,,ø,,,,
Hulking Whelp,Small,Fey,Huge,Chaotic neutral,,5,ToB,252,n,n,n,,,,,,,ø,ø,ø,,ø,ø,,,,,
Hundun,Large,Celestial,,Chaotic good,,10,ToB,253,y,n,n,,,,,,,,,,,,,,,ø,,
Hunter Shark,Large,Beast,,Unaligned,,2,MM,330,n,n,n,,,,,,,,,,,,,x,,,,
Hunting Horror,Large,Aberration,,Lawful evil,,6,MaDC,77,n,n,n,,,,,,,,,,,,,,,ø,,
Hurricane,Medium,Humanoid,Human,Lawful evil,,2,PotA,191,y,n,n,,,,,,,,,,,,,,,,,
Hutijin,Large,Fiend,"Devil, Archdevil",Lawful evil,,21,MToF,175,y,y,n,,,,,,,,,,,,,,,ø,,
Hyaenodon,Large,Beast,,Unaligned,,1,FEF,184,n,n,n,,,,,,x,,x,x,,,,,,,,
Hybrid Brute,Medium,Humanoid,Simic Hybrid,Neutral good,,2,GGtR,217,n,n,n,,,,,ø,,,,,,,,ø,ø,,,
Hybrid Flier,Medium,Humanoid,Simic Hybrid,Neutral good,,2,GGtR,217,n,n,n,,,,,ø,,,,,,,,ø,ø,,,
Hybrid Poisoner,Medium,Humanoid,Simic Hybrid,Neutral good,,1,GGtR,217,n,n,n,,,,,ø,,,,,,,,ø,ø,,,
Hybrid Shocker,Medium,Humanoid,Simic Hybrid,Neutral good,,1,GGtR,218,n,n,n,,,,,ø,,,,,,,,ø,ø,,,
Hybrid Spy,Medium,Humanoid,Simic Hybrid,Neutral good,,1/2,GGtR,218,n,n,n,,,,,ø,,,,,,,,ø,ø,,,
Hydra,Huge,Monstrosity,,Unaligned,,8,MM,190,n,n,n,,,,,,,,,,,x,,,,,,
Hydralisk,Medium,Monstrosity,,Unaligned,,5,MaDC,78,n,n,n,,,,,,,,,,ø,,ø,,,,,
Hydroloth,Medium,Fiend,Yugoloth,Neutral evil,,9,MToF,249,y,n,n,,,,,,,,,,,,,,,ø,,
Hyena,Medium,Beast,,Unaligned,,0,MM,331,n,n,n,,,,,,,x,x,x,,,,,,,,
Ia’Affrat,Large,Fiend,"Swarm, Devil",Lawful evil,,15,ToB,98,y,n,n,,,,,,,,,,,,,,,ø,,
Ice Devil,Large,Fiend,Devil,Lawful evil,,14,MM,75,n,n,n,,,,,,,,,,,,,,,ø,,
Ice drake,Small,Dragon,,Chaotic evil,,1,FEF,87,y,n,n,,,,x,,,,,,x,,,,,,,
Ice Golem,Large,Construct,,Unaligned,,8,MaDC,79,n,n,n,,,,ø,,,,,,,,,,,,,
Ice Maiden,Medium,Fey,,Lawful evil,,6,ToB,254,y,n,n,,,,ø,,,,,,,,,,,,,
Ice Mephit,Small,Elemental,,Neutral evil,,1/2,MM,215,y,n,n,,,,x,,,,,,,,,,,,,
Ice Toad,Medium,Monstrosity,,Neutral,,1,RoT,90,n,n,n,,,,ø,,,,,,,,,,,,,
Ice Troll,Large,Giant,,Chaotic evil,,6,MaDC,206,n,n,n,,,,ø,,,,,,,,,,,,,
Ichneumon,Large,Monstrosity,,Unaligned,,11,CC,224,n,n,n,,,,,,,,,,,,,,,,,
Idolic Deity,Small,Construct,,Neutral evil,,8,ToB,255,n,n,n,,,,,,ø,,,,,ø,ø,,,,,
Igniguana,Medium,Elemental,,Unaligned,,1,FEF,148,n,n,n,,,,,,x,,,,,,x,,,x,,
Ijiraq,Medium,Fey,,Chaotic neutral,,7,CC,225,n,n,n,,,,,,,,,,,,,,,,,
Illthid Claw,Tiny,Undead,,Lawful evil,,0,MaDC,80,n,n,n,,,,,,,,,,,,ø,,ø,,,
Illusionist,Medium,Humanoid,,Any alignment,,3,TftYP,237,y,n,n,,,,,,,,,,,,,,,,,
Illusionist,Medium,Humanoid,Any Race,Any alignment,,3,VGtM,214,y,n,n,,,,,,,,,,,,,,x,,,
Imix,Huge,Elemental,,Neutral evil,,19,PotA,214,y,y,y,,,,,,,,,,,,,,,,,
Imp,Tiny,Fiend,"Shapechanger, Devil",Lawful evil,,1,MM,76,n,n,n,,,,,,,,,,,,,,,ø,,
Imp Dragon,Tiny,Dragon,,Lawful evil,,?,MaDC,81,y,n,n,,,,,,,,,,,,,,,ø,,
Imperial Ghoul,Medium,Undead,Ghoul,Lawful evil,,4,ToB,220,n,n,n,,,,,,,,,,,ø,ø,,ø,,,
Imy-Ut Ushabti,Medium,Monstrosity,,Neutral,,3,ToB,256,n,n,n,,,,,,ø,,,,,,,,,,,
Incinis,Large,Elemental,,Neutral evil,,10,CC,226,n,n,n,,,,,,,,,,,,,,,,,
Incubus,Medium,Fiend,Shapechanger,Neutral evil,,4,MM,285,n,n,n,,,,,,,,,,,,,,x,,,
Indentured Spirit,Medium,Undead,,Any alignment,,1,GGtR,206,n,n,n,,,,,,,,,,,,,,ø,,,
Indominus Rex,Huge,Beast,,Unaligned,,24,MaDC,82,n,y,n,,,,,,,ø,,,,,,,,,,
Infantryman,Medium,Humanoid,Human,Unaligned,,1/2,MaDC,89,n,n,n,,,,,,,,,,,,,,ø,,,
Infernal Knight,Medium,Fiend,Devil,Lawful evil,,16,CC,104,n,n,n,"Faultless Tracker, Magic Resistance, Magic Weapon, Regeneration","Multiattack Greatsword, Hellfire Bolt, Reave Soul, Planar Rift",,,,,,,,,,,,,,,
Infestation Swarm,Medium,Monstrosity,Swarm,Unaligned,,4,MaDC,83,n,n,n,,,,,,ø,,,,,ø,,,,,,
Infestor,Large,Monstrosity,,Unaligned,,3,MaDC,84,n,n,n,,,,,,,,,,ø,,ø,,,,,
Ink Devil,Small,Fiend,Devil,Lawful evil,,2,ToB,108,y,n,n,,,,,,,,,,,,,,,ø,,
Ink Guardian Ooze,Large,Ooze,,Unaligned,,4,CC,285,n,n,n,,,,,,,,,,,,,,,,,
Inkling,Tiny,Construct,,Unaligned,,1/4,CC,227,y,n,n,,,,,,,,,,,,,,x,,,
Intellect Devourer,Tiny,Aberration,,Lawful evil,,2,MM,191,n,n,n,,,,,,,,,,,,x,,,,,
Invisible Stalker,Medium,Elemental,,Neutral,,6,MM,192,n,n,n,,,,,,,,,,,,,,x,,,
Iron Cobra,Medium,Construct,,Unaligned,,4,MToF,125,n,n,n,,,,,,,x,x,x,x,,,,,,,
Iron Ghoul,Medium,Undead,Ghoul,Lawful evil,,5,ToB,221,n,n,n,,,,,,,,,,,ø,ø,,ø,,,
Iron Golem,Huge,Construct,,Lawful neutral,,11,MaDC,85,n,n,n,,,,,,,,,,,,,,ø,,,
Iron Golem,Large,Construct,,Unaligned,,16,MM,170,n,n,n,,,,ø,ø,ø,ø,ø,ø,ø,,ø,ø,ø,ø,,
Iron Sphere,Small,Construct,,Unaligned,,5,CC,228,n,n,n,,,,,,,,,,,,,,,,,
Iron Teeth og Baba Yaga,Tiny,Fey,,Chaotic neutral,,2,CC,47,y,n,n,,,,,,,,,,,,,,,,,
Isonade,Gargantuan,Monstrosity,,Chaotic neutral,,14,ToB,257,y,n,n,,,,,ø,,,,,,,,ø,,,,
Isperia,Gargantuan,Monstrosity,,Lawful neutral,,21,GGtR,227,y,y,n,,,,,,,,,,,,,,ø,,,
Istrid Horn,Medium,Humanoid,Dwarf,Neutral evil,,8,WDH,199,y,n,n,,,,,,,,,,,,,,ø,,,
Ixitxachitl,Small,Aberration,,Chaotic evil,,1/4,OotA,225,n,n,n,,,,,,,,,,,,,,,,,
Ixitxachitl Cleric,Small,Aberration,,Chaotic evil,,1/4,OotA,226,y,n,n,,,,,,,,,,,,,,,,,
Iymrith The Dragon,Gargantuan,Dragon,,Lawful evil,,23,SKT,241,y,y,n,,,,,,,,,,,,,,,,,
Izek Strazni,Medium,Humanoid,Human,Neutral evil,,5,CoS,232,n,n,n,,,,,,,,,,,,,,ø,,,
J’ba Fofi,Large,Beast,Spider,Unaligned,,3,ToB,362,n,n,n,,,,,,ø,ø,,ø,,,,,,,,
Jaanavar Jal,Huge,Monstrosity,,Unaligned,,7,CC,229,n,n,n,,,,,,,,,,,,,,,,,
Jack-in-irons giant,Huge,Giant,,Chaotic evil,,7,FEF,120,n,n,n,,,,,,,x,x,,,,,,,,,
Jackal,Small,Beast,,Unaligned,,0,MM,331,n,n,n,,,,,,x,,x,,,,,,,,,
Jackal of darkness,Small,Undead,,Neutral evil,,1,FEF,149,n,n,n,,,,,,x,,,,,,,,,x,,
Jackalwere,Medium,Humanoid,Shapechanger,Chaotic evil,,1/2,MM,193,n,n,n,,,,,,x,,x,,,,,,,,,
Jaculi,Medium,Monstrosity,,Unaligned,,1/8,FEF,150,n,n,n,,,,,,,x,x,x,,,,,,,,
Jaculi,Large,Beast,,Unaligned,,1/2,ToA,225,n,n,n,,,,,,,,,,,,,,,,,
Jaculus,Small,Dragon,,Neutral evil,,3,ToB,258,n,n,n,,,,,,,ø,,,,ø,,,,,,
Jalester Silvermane,Medium,Humanoid,Human,Lawful good,,4,WDH,205,n,n,n,,,,,,,,,,,,,,ø,,,
Jamna Gleamsilver,Small,Humanoid,Gnome,Neutral,,1,HotDQ,91,y,n,n,,,,,,,,,,,,,,,,,
Jarlaxle Baenre,Medium,Humanoid,Elf,Chaotic neutral,,15,WDH,206,y,y,n,,,,,,,,,,,,,,ø,,,
Jarod Vod Savo,Medium,Undead,,Neutral evil,,22,GGtR,235,y,y,y,,,,,,,,,,,ø,ø,,ø,,,
Jiangshi,Medium,Undead,,Chaotic evil,,6,CC,230,n,n,n,,,,,,,,,,,,,,,,,
Jinmenju,Huge,Plant,,Neutral,,9,CC,232,n,y,y,,,,,,,,,,,,,,,,,
Jotun Giant,Gargantuan,Giant,,Chaotic neutral,,22,ToB,226,y,y,n,,,,ø,,,,,,ø,,,,,,,
Juiblex,Huge,Fiend,"Demon, Lord",Chaotic evil,,23,MToF,151,y,y,y,,,,,,,,,,,,,,,ø,,
Juiblex,Huge,Fiend,Demon,Chaotic evil,,23,OotA,243,y,y,y,,,,,,,,,,,,,,,ø,,
Junk Shaman,Small,Humanoid,Kobold,Lawful neutral,,2,CC,238,n,n,n,,,,,,,,,,,,,,,,,
Jupiter bloodsucker,Medium,Plant,,Unaligned,,1,FEF,152,n,n,n,,,,,,,x,,,,,,,,,,
Kalag,Medium,Humanoid,Kalag,Chaotic neutral,,1/2,MaDC,86,n,n,n,,,,,,,,,,,,ø,,,,,
Kalka-Kylla,Large,Monstrosity,,Neutral,,3,TftYP,238,n,n,n,,,,,,,,,,,,,,,,,
Kalke,Small,Fiend,,Neutral evil,,1/4,ToB,259,n,n,n,,,,,,,,,,,,,,ø,,,
Kallikantzaros,Small,Fey,,Chaotic evil,,2,CC,233,n,n,n,,,,,,,,,,,,,,,,,
Kamadan,Large,Monstrosity,,Unaligned,,3,FEF,153,n,n,n,,,,,,x,x,x,x,,x,,,,,,
Kamadan,Large,Monstrosity,,Unaligned,,4,ToA,225,n,n,n,,,,,,ø,ø,ø,ø,,ø,,,,,,
Kampfult,Medium,Plant,,Unaligned,,2,FEF,154,n,n,n,,,,,,,,,,,,x,,,,,
Kaorti,Medium,Aberration,,Chaotic evil,,10,MaDC,87,y,n,n,,,,,,,,,,,,,,,ø,,
Kapi,Medium,Humanoid,Simian,Chaotic good,,1/2,CC,336,n,n,n,,,,,,,x,,,,,,,,,,
Kappa,Small,Fey,,Chaotic any,,2,CC,234,n,n,n,,,,,,,,,,,,,,,,,
Kapre,Large,Fey,,Chaotic neutral,,5,MaDC,88,y,n,n,,,,,,,ø,,,,,,,,,,
Karakura,Medium,Fiend,Shapechanger,Neutral evil,,5,CC,235,n,n,n,,,,,,,,,,,,,,,,,
Kech,Medium,Monstrosity,,Neutral evil,,1/2,FEF,155,n,n,n,,,,,,,x,,,,x,,,,,,
Keg Golem,Medium,Construct,,Unaligned,,3,CC,199,n,n,n,"Empty Keg, Immutable Form, Magic Resistance, Rolling Charge","Slam, Ale Blast",,,,,,,,,,,,,,,
Kelpie,Medium,Plant,,Neutral evil,,1,FEF,156,n,n,n,,,,,x,,,,,,x,,x,,,,
Kelpie,Medium,Plant,,Neutral evil,,4,TftYP,238,n,n,n,,,,,ø,,,,,,ø,,ø,,,,
Kenku,Medium,Humanoid,Kenku,Chaotic neutral,,1/4,MM,194,n,n,n,,,,,,,x,,,,,,,x,,,
Khargra,Small,Fiend,,Unaligned,,2,FEF,157,n,n,n,,,,,,,,,,,,,,,x,,
Ki-Rin,Huge,Celestial,,Lawful good,,12,VGtM,163,y,y,y,,,,,x,x,,x,,x,,,,,,,
Kikimora,Medium,Fey,,Chaotic neutral,,5,ToB,260,y,n,n,,,,,,,,,,,,,,ø,,,
Killer Whale,Huge,Beast,,Unaligned,,3,MM,331,n,n,n,,,,,,,,,,,,,x,,,,
King Kobold,Small,Humanoid,Kobold,Lawful neutral,,6,CC,239,y,n,n,,,,,,,,,,,,,,,,,
King Paúl,Medium,Humanoid,Elf,Unaligned,,7,MaDC,100,n,n,n,,,,,,,,,,,,,,ø,,,
Kinnara,Medium,Celestial,Angel,Lawful good,,3,CC,17,y,n,n,,,,,,,,,,,,,,,,,
Kishi,Medium,Fiend,Demon,Chaotic evil,,8,ToB,77,y,n,n,,,,,,,,,,,,,,ø,ø,,
Kitsune,Small,Fey,Shapechanger,Chaotic neutral,,2,CC,236,y,n,n,,,,,,,,,,,,,,,,,
Knight,Medium,Humanoid,Any Race,Any alignment,,3,MM,347,n,n,n,,,,,,,,,,,,,,x,,,
Kobold,Small,Humanoid,Kobold,Lawful evil,,1/8,MM,195,n,n,n,,,,x,x,x,,,x,x,x,x,,x,,,
Kobold Alchemist,Small,Humanoid,Kobold,Lawful neutral,,2,ToB,261,n,n,n,,,,,,,,,,,,,,,,,
Kobold Bully,Small,Humanoid,Kobold,Lawful evil,,1,MaDC,101,n,n,n,,,,ø,ø,ø,,,ø,ø,ø,ø,,ø,,,
Kobold Bully,Small,Humanoid,Kobold,Lawful evil,,1/2,MaDC,101,n,n,n,,,,ø,ø,ø,,,ø,ø,ø,ø,,ø,,,
Kobold Chieftain,Small,Humanoid,Kobold,Lawful evil,,4,ToB,263,n,n,n,,,,,,,,,,,,,,,,,
Kobold Dragonshield,Small,Humanoid,Kobold,Lawful evil,,1,VGtM,165,n,n,n,,,,,,,x,,x,x,,x,,,,,
Kobold Hero,Small,Humanoid,Kobold,Lawful evil,,4,MaDC,102,n,n,n,,,,ø,ø,ø,,,ø,ø,ø,ø,,ø,,,
Kobold Inventer,Small,Humanoid,Kobold,Lawful evil,,1/4,ToA,226,n,n,n,,,,,,,,,,,,,,,,,
Kobold Inventor,Small,Humanoid,Kobold,Lawful evil,,1/4,VGtM,166,n,n,n,,,,,,,x,,x,x,,x,,x,,,
Kobold Scale Sorcerer,Small,Humanoid,Kobold,Lawful evil,,1,ToA,226,n,n,n,,,,,,,,,,,,,,,,,
Kobold Scale Sorcerer,Small,Humanoid,Kobold,Lawful evil,,1,VGtM,167,y,n,n,,,,,,,x,,x,x,,x,,x,,,
Kobold Shaman,Small,Humanoid,Kobold,Lawful evil,,2,MaDC,103,y,n,n,,,,ø,ø,ø,,,ø,ø,ø,ø,,ø,,,
Kobold Soldier,Small,Humanoid,Kobold,Lawful evil,,1/4,MaDC,103,n,n,n,,,,ø,ø,ø,,,ø,ø,ø,ø,,ø,,,
Kobold Trapsmith,Small,Humanoid,Kobold,Lawful neutral,,1,ToB,264,n,n,n,,,,,,,,,,,,,,,,,
"Kokabel, Angel of the Stars",Huge,Celestial,,Chaotic good,,23,MaDC,104,n,y,n,,,,,,,,,,,,,,,ø,,
Kongamato,Large,Beast,,Unaligned,,5,ToB,265,n,n,n,,,,,ø,,,,,,,,,,,,
Koralk (Harvester Devil),Large,Fiend,Devil,Lawful evil,,11,ToB,108,n,n,n,,,,,,,,,,,,,,,ø,,
Korred,Small,Fey,,Chaotic neutral,,1,FEF,158,y,n,n,,,,,,,x,,x,,,,,,,,
Korred,Small,Fey,,Chaotic neutral,,7,VGtM,168,y,n,n,,,,,,,x,,,,,,,,,,
Korrigan,Small,Fey,,Chaotic neutral,,3,CC,242,n,n,n,,,,,,,,,,,,,,,,,
Koschei,Medium,Fiend,,Neutral evil,,17,ToB,266,y,y,y,,,,,,,,,,,,,,,ø,,
Kot Bayun,Medium,Monstrosity,,Neutral,,2,ToB,268,y,n,n,,,,,,,ø,,,,,,,,,,
"Kozilek, the Butcher of Truth",Colossal,Aberration,Titan,Chaotic evil,,30,MaDC,105,y,y,n,,,,,,,,,,,,,,,ø,,
Krake Spawn,Huge,Monstrosity,,Neutral evil,,9,ToB,269,y,n,n,,,,,ø,,,,,,,,ø,,,,
Kraken,Gargantuan,Monstrosity,Titan,Chaotic evil,,23,MM,197,n,y,y,,,,,,,,,,,,,x,,,,
Kraken Hatchling,Huge,Monstrosity,Titan,Chaotic evil,,12,MaDC,106,n,y,n,,,,,,,,,,,,,ø,,,,
Kraken Priest,Medium,Humanoid,Any Race,Any evil,,5,VGtM,215,y,n,n,,,,,x,,,,,,,,x,,,,
Krampus,Medium,Fiend,Shapechanger,Chaotic evil,,17,MaDC,107,y,y,n,,,,ø,,,,,,,,,,,,,
Kraul Death Priest,Medium,Humanoid,Kraul,Neutral evil,,4,GGtR,214,y,n,n,,,,,,,,,,,,ø,,,,,
Kraul Warrior,Medium,Humanoid,Kraul,Neutral evil,,1/2,GGtR,213,n,n,n,,,,,,,,,,,,ø,,,,,
Kruthik Hive Lord,Large,Monstrosity,,Unaligned,,5,MToF,212,n,n,n,,,,,,x,,,,x,,x,,,,,
Kryt,Medium,Humanoid,Kryt,Neutral evil,,5,CC,243,n,n,n,,,,,,,,,,,,,,,,,
Külmking,Large,Undead,,Chaotic evil,,9,CC,244,n,n,n,,,,,,,,,,,,,,,,,
Kuo-toa,Medium,Humanoid,Kuo-Toa,Neutral evil,,1/4,MM,199,n,n,n,,,,,,,,,,,,x,,,,,
Kuo-toa Archpriest,Medium,Humanoid,Kuo-Toa,Neutral evil,,6,MM,200,y,n,n,,,,,,,,,,,,x,,,,,
Kuo-toa Whip,Medium,Humanoid,Kuo-Toa,Neutral evil,,1,MM,200,y,n,n,,,,,,,,,,,,x,,,,,
Kurok-spirit,Large,Fiend,,Chaotic neutral,,1,FEF,159,n,n,n,,,,x,x,x,x,x,x,x,x,x,,x,,,
Kuunganisha,Small,Fiend,,Any evil,,2,CC,245,n,n,n,,,,,,,,,,,,,,,,,
Lady in White,Medium,Undead,,Any,,2,CC,246,n,n,n,,,,,,,,,,,,,,,,,
Laeral Silverhand,Medium,Humanoid,Human,Chaotic good,,17,WDH,207,y,n,n,,,,,,,,,,,,,,ø,,,
Laestrigonian Giant,Large,Giant,,Chaotic evil,,4,CC,184,n,n,n,,"Multiattack, Bite, Greatclub, Rock",,,,,,,,,,,,,,,
Lake Troll,Large,Giant,,Chaotic evil,,7,ToB,389,n,n,n,,,,,,,ø,ø,ø,,,,,,,,
Lamassu,Large,Celestial,,Lawful good,,10,CC,247,y,y,n,,,,,,,,,,,,,,,,,
Lamia,Large,Monstrosity,,Chaotic evil,,4,MM,201,y,n,n,,,,,,x,,,,,,,,,,,
Land lamprey,Small,Beast,,Unaligned,,1/4,FEF,160,n,n,n,,,,,,,x,x,x,,,x,,,,,
Langdedrosa Cyanwrath,Medium,Humanoid,Half-Dragon,Lawful evil,,4,HotDQ,91,n,n,n,,,,,,,,,,,,,,,,,
Lantern Dragonette,Tiny,Dragon,,Lawful neutral,,1/2,ToB,270,y,n,n,,,,,,,,,,,,,,ø,,,
Latrian Flayer,Medium,Aberration,,Lawful evil,,7,MaDC,108,n,n,n,,,,,,,,,,,,ø,,,,,
Lava child,Medium,Humanoid,Elemental,Neutral,,1,FEF,161,n,n,n,,,,,,,,,,,,x,,,x,,
Lava Child,Medium,Humanoid,Lava Child,Neutral,,3,WDotMM,313,n,n,n,,,,,,,,,,,,ø,,,,,
Lava Weird,Large,Elemental,,Chaotic evil,,4,FEF,244,n,n,n,,,,,,,,,,,,,,,x,,
Lawmage,Medium,Humanoid,Any Race,Lawful neutral,,6,GGtR,228,y,n,n,,,,,,,,,,,,,,ø,,,
Lazav,Medium,Humanoid,Shapechanger,Neutral evil,,17,GGtR,232,y,y,n,,,,,,,,,,,,ø,,ø,,,
Lemure,Medium,Fiend,Devil,Lawful evil,,0,MM,76,n,n,n,,,,,,,,,,,,,,,ø,,
Lemurfolk,Small,Humanoid,,Neutral,,1/4,ToB,271,n,n,n,,,,,,,ø,,,,ø,,,,,,
Lemurfolk Greyfur,Small,Humanoid,,Neutral,,4,ToB,271,y,n,n,,,,,,,ø,,,,ø,,,,,,
Leng spider,Huge,Aberration,,Chaotic evil,,6,FEF,162,y,n,n,,,,x,x,x,x,x,x,x,x,x,,x,,,
Leonin,Medium,Humanoid,Leonin,Any alignment,,1/4,MaDC,110,n,n,n,,,,,ø,ø,,ø,,,,,,,,,
Leonino,Tiny,Beast,,Unaligned,,1/8,CC,250,n,n,n,,,,,x,,x,,,,,,,x,,,
Leshen,Large,Plant,,Lawful evil,,10,MaDC,109,n,n,n,,,,,,,ø,,,,,,,,,,
Leshy,Medium,Monstrosity,,Chaotic neutral,,1,ToB,272,y,n,n,,,,,,,ø,,,,,,,,,,
Lesser Air Elemental,Medium,Elemental,,Neutral,,2,MaDC,37,n,n,n,,,,,,ø,,,,ø,,,,,,,
Lesser Ash Elemental,Medium,Elemental,,Neutral,,2,MaDC,43,n,n,n,,,,,,,,,,ø,,,,,,,
Lesser boneneedle,Small,Beast,,Unaligned,,1/4,FEF,34,n,n,n,,,,,,,,,,,,x,,,,,
Lesser death dog,Medium,Monstrosity,,Neutral evil,,1/2,FEF,77,n,n,n,,,,,,x,,,,,,,,,,,
Lesser Dust Elemental,Medium,Elemental,,Neutral,,2,MaDC,43,n,n,n,,,,,,ø,,,,,,,,,,,
Lesser Earth Elemental,Medium,Elemental,,Neutral,,2,MaDC,37,n,n,n,,,,,,,,,,ø,,,,,,,
Lesser fire crab,Small,Monstrosity,,Unaligned,,1/8,FEF,101,n,n,n,,,,,,,,,,,,,,,x,,
Lesser Fire Elemental,Medium,Elemental,,Neutral,,2,MaDC,38,n,n,n,,,,,,ø,,,,,,,,,,,
Lesser Ice Elemental,Medium,Elemental,,Neutral,,2,MaDC,39,n,n,n,,,,ø,,,,,,,,,,,,,
Lesser Lightning Elemental,Medium,Elemental,,Neutral,,2,MaDC,41,n,n,n,,,,,,ø,,ø,,,,,,,,,
Lesser Magma Elemental,Medium,Elemental,,Neutral,,2,MaDC,39,n,n,n,,,,,,,,,,ø,,ø,,,,,
Lesser Metal Elemental,Medium,Elemental,,Neutral,,2,MaDC,45,n,n,n,,,,,,,,,,,,ø,,,,,
Lesser Mineral Elemental,Medium,Elemental,,Neutral,,2,MaDC,41,n,n,n,,,,,,,,,,ø,,ø,,,,,
Lesser Mud Elemental,Medium,Elemental,,Neutral,,2,MaDC,40,n,n,n,,,,,,,,,,,ø,,,,,,
Lesser Negativ Energy Elemental,Medium,Elemental,,Neutral,,2,MaDC,45,n,n,n,,,,,,,,,,,,,,,ø,,
Lesser Positiv Energy Elemental,Medium,Elemental,,Neutral,,2,MaDC,46,n,n,n,,,,,,,,,,,,,,,ø,,
Lesser Radiance Elemental,Medium,Elemental,,Neutral,,2,MaDC,42,n,n,n,,,,,,,,,,,,,,,ø,,
Lesser Salt Elemental,Medium,Elemental,,Neutral,,2,MaDC,44,n,n,n,,,,,,,,,,ø,,ø,,,,,
Lesser Scrag,Medium,Monstrosity,,Chaotic evil,,2,CC,322,n,n,n,,,,,,,,,,,,,,,,,
Lesser shadow,Medium,Undead,,Chaotic evil,,1/8,FEF,208,n,n,n,,,,x,x,x,x,x,x,x,x,x,,x,,,
Lesser Smoke Elemental,Medium,Elemental,,Neutral,,2,MaDC,40,n,n,n,,,,,,,,,,ø,,,,,,,
Lesser Steam Elemental,Medium,Elemental,,Neutral,,2,MaDC,42,n,n,n,,,,,ø,,,,,,,,,,,,
Lesser Void Elemental,Medium,Elemental,,Neutral,,2,MaDC,44,n,n,n,,,,,,,,,,,,,,,ø,,
Lesser Water Elemental,Medium,Elemental,,Neutral,,2,MaDC,38,n,n,n,,,,,ø,,,,,,,,ø,,,,
Lesser Wood Elemental,Medium,Elemental,,Neutral,,2,MaDC,46,n,n,n,,,,,,,ø,,,,,,,,,,
Leucrotta,Large,Monstrosity,,Chaotic evil,,3,TftYP,239,n,n,n,,,,,,ø,,ø,,,,,,,,,
Leucrotta,Large,Monstrosity,,Chaotic evil,,3,VGtM,169,n,n,n,,,,,,x,,x,,,,,,,,,
"Leucrotta, adult",Large,Monstrosity,,Chaotic evil,,2,FEF,164,n,n,n,,,,,,x,x,x,x,,x,,,,,,
"Leucrotta, young",Medium,Monstrosity,,Chaotic evil,,1/4,FEF,164,n,n,n,,,,,,x,x,x,x,,x,,,,,,
Leviathan,Gargantuan,Elemental,Elder elemental,Neutral,,20,MToF,198,n,y,n,,,,,x,,,,,,,,x,,,,
"Leviathan, Maw of the Seas",Colossal,Beast,,Neutral,,30,MaDC,125,n,y,n,,,,,,,,,,,,,,,ø,,
Liara Portyr,Medium,Humanoid,Human,Lawful evil,,4,ToA,227,n,n,n,,,,,,,,,,,,,,,,,
Library Automaton,Small,Construct,,Lawful neutral,,1/2,ToB,273,n,n,n,,,,,,,,,,,,,,ø,,,
Lich,Medium,Undead,,Any evil,,21,MM,202,y,y,n,,,,ø,ø,ø,ø,ø,ø,ø,ø,ø,ø,ø,,,
Lich (in lair),Medium,Undead,,Any evil,,22,MM,202,y,y,y,,,,ø,ø,ø,ø,ø,ø,ø,ø,ø,ø,ø,,,
Lich Hound,Medium,Undead,,Neutral evil,,4,ToB,274,n,n,n,,,,,,,,,,,,,,,ø,,
Light Cavalry Dragonborn,Medium,Humanoid,Dragonborn,Lawful neutral,,1,CC,124,n,n,n,"Infantry Slayer, Mounted Warrior","Cavalry Saber, Shortbow, Fire Breath",,x,x,x,x,x,x,x,x,x,x,x,,,
Light Dragon Wyrmling,Medium,Dragon,Dragon,Neutral good,,2,CC,113,n,n,y,"Illumination, Incorporeal Movement","Bire, Breath Weapon",,,,,,,,,,,,,,,
Lightning treant,Huge,Plant,,Neutral evil,,6,FEF,231,y,n,n,,,,,,,x,,,,x,,,,,,
Likho,Medium,Monstrosity,,Chaotic evil,,6,ToB,275,y,n,n,,,,,,,,,,,,,,,,,
Lindwurm,Large,Dragon,,Neutral evil,,5,ToB,276,n,n,n,,,,ø,ø,,,,,,,,,,,,
Lion,Large,Beast,,Unaligned,,1,MM,331,n,n,n,,,,,,x,,x,x,x,,,,,,,
Lionwere,Large,Monstrosity,Shapechanger,Chaotic evil,,2,FEF,228,n,n,n,,,,,,x,,x,,,,x,,,,,
Liosalfar,Large,Elemental,,Neutral,,8,ToB,277,y,n,n,,,,,,,,,,,,,,,ø,,
Lithonnite,Large,Monstrosity,,Unaligned,,4,FEF,165,n,n,n,,,,,x,,,,,,x,x,x,,,,
Living Inseen Servant,Medium,Construct,,Unaligned,,0,WDotMM,313,n,n,n,,,,,,,,,,,,ø,,,,,
Living Shade,Medium,Fey,,Neutral,,1/4,CC,255,n,n,n,,,,x,x,x,x,x,x,x,x,x,x,x,,,
Living Spellbook,Large,Construct,,Unaligned,,10,MaDC,111,y,n,n,,,,,,,,,,,,,,ø,,,
Living Star,Huge,Celestial,,Any,,19,CC,256,n,n,n,,,,,,,,,,,,,,,,,
Living Wick,Small,Construct,,Unaligned,,1/4,ToB,278,n,n,n,,,,,,,,,,,,,,ø,,,
Lizard,Tiny,Beast,,Unaligned,,0,MM,332,n,n,n,,,,,ø,,ø,ø,ø,,ø,ø,,,,,
Lizard King/Queen,Medium,Humanoid,Lizardfolk,Chaotic evil,,4,MM,205,n,n,n,,,,,,,x,,,,x,,,,,,
Lizardfolk,Medium,Humanoid,Lizardfolk,Neutral,,1/2,MM,204,n,n,n,,,,,,,x,,,,x,,,,,,
Lizardfolk Monk,Medium,Humanoid,Lizardfolk,Neutral,,2,MaDC,112,n,n,n,,,,,,,ø,,,,ø,,,,,,
Lizardfolk Shaman,Medium,Humanoid,Lizardfolk,Neutral,,2,MM,205,y,n,n,,,,,,,x,,,,x,,,,,,
Lord of Vultures,Large,Fey,"Shapechanger, Animal Lord",Neutral good,,12,CC,26,y,y,n,,,,,,,,,,,,,,,,,
Lord Zombie,Medium,Undead,,Neutral evil,,5,CC,394,n,y,n,,,,,,,,,,,,,,,,,
Lorelei,Medium,Fey,,Chaotic evil,,5,ToB,279,y,n,n,,,,,,,ø,,,,,,,,,,
Lost Minotaur,Large,Undead,Minotaur,Chaotic evil,,8,CC,268,n,n,n,,,,,,,,,,,,,,,,,
Lotus Golem,Large,Construct,,Unaligned,,9,CC,202,n,n,n,,,,,,,,,,,,,,,,,
Lou Carcolth,Medium,Monstrosity,,Unaligned,,2,CC,257,n,n,n,,,,,,,,,,,,,,,,,
Loxoda,Huge,Monstrosity,,Neutral evil,,6,ToB,280,n,n,n,,,,,,,,ø,ø,,,,,,,,
Luck Dragon,Tiny,Dragon,,Unaligned,,1/4,MaDC,113,n,n,n,,,,,,,ø,,ø,,,,,ø,,,
Lunar Devil,Large,Fiend,Devil,Lawful evil,,8,ToB,110,y,n,n,,,,,,,,,,,,,,,ø,,
Lurker,Medium,Monstrosity,,Unaligned,,?,MaDC,114,n,n,n,,,,,,,,,,ø,,ø,,,,,
Lybyrinth Keeper,Large,Monstrosity,Minotaur,Chaotic evil,,5,CC,267,y,n,n,,,,,,,,,,,,,,,,,
Lystrosaurus,Medium,Beast,Dinosaur,Unaligned,,2,CC,108,n,n,n,Headbutt,"Ram, Bite",,,,,,,,,,,,,,,
Madam Eva,Medium,Humanoid,Human,Chaotic neutral,,10,CoS,233,y,n,n,,,,,,,,,,,,,,ø,,,
Maegera The Dawn Titan,Gargantuan,Elemental,,Chaotic neutral,,23,SKT,241,y,y,n,,,,,,,,,,,,,,,,,
Mage,Medium,Humanoid,Any Race,Any alignment,,6,MM,347,y,n,n,,,,,,,,,,,,,,x,,,
Magma Bear,Large,Elemental,,Neutral,,3,MaDC,115,n,n,n,,,,,,,,,,ø,,ø,,,,,
Magma Mephit,Small,Elemental,,Neutral evil,,1/2,MM,216,y,n,n,,,,,,,,,,,,x,,,,,
Magma ooze,Large,Ooze,,Unaligned,,5,FEF,179,n,n,n,,,,,,,,,,x,,x,,,,,
Magmin,Small,Elemental,,Chaotic neutral,,1/2,MM,212,n,n,n,,,,,,,,,,,,,,,ø,,
Magmoid,Large,Elemental,,Unaligned,,4,FEF,166,n,n,n,,,,,,,,,,,,,,,x,,
Mahoru,Large,Monstrosity,,Unaligned,,3,ToB,281,n,n,n,,,,ø,ø,,,,,,,,ø,,,,
Malakbel,Medium,Fiend,Demon,Chaotic evil,,9,ToB,78,n,n,n,,,,,,,,,,,,,,ø,ø,,
Male Steeder,Medium,Monstrosity,,Unaligned,,1/4,MToF,238,n,n,n,,,,,,,,,,,,x,,,,,
Male Steeder,Medium,Beast,,Unaligned,,1/4,OotA,231,n,n,n,,,,,,,,,,,,ø,,,,,
Malformed Kraken,Huge,Monstrosity,,Chaotic evil,,10,TftYP,239,n,n,n,,,,,ø,,,,,,,,ø,,,,
Mallqui,Medium,Undead,,Lawful neutral,,8,ToB,282,y,n,n,,,,,,ø,,,,ø,,,,,,,
Malphas,Medium,Fey,,Neutral evil,,6,ToB,283,y,n,n,,,,,,,,,,,,,,,ø,,
Mammon,Huge,Fiend,Devil,Lawful evil,,25,ToB,99,y,y,y,,,,,,,,,,,,,,,ø,,
Mammoth,Huge,Beast,,Unaligned,,6,MM,332,n,n,n,,,,x,,,,,,,,,,,,,
Mamura,Small,Fey,,Neutral evil,,6,ToB,284,n,n,n,,,,,,,,,,,,,,,,,
Mamura,Small,Aberration,,Neutral evil,,6,ToB,284,n,n,n,,,,,,ø,,ø,,,,,,,,,
Manabane Scarab Swarm,Medium,Beast,Swarm,Unaligned,,4,ToB,374,n,n,n,,,,,,ø,,,,,,,,,,,
Manastorm Golem,Medium,Construct,,Unaligned,,8,CC,203,n,n,n,,,,,,,,,,,,,,,,,
Mandragora,Small,Plant,Fungus,Neutral evil,,1/8,FEF,167,n,n,n,,,,,,,x,,,,,,,,,,
Mandrake,Tiny,Plant,,Unaligned,,1/2,CC,260,n,n,n,,,,,,,,,,,,,,x,,,
Mandriano,Large,Plant,,Lawful evil,,5,CC,261,n,n,n,,,,,,,,,,,,,,,,,
Mandrill,Small,Beast,,Unaligned,,1/8,FEF,168,n,n,n,,,,,,,x,,,,x,,,,,,
Manes,Small,Fiend,Demon,Chaotic evil,,1/8,MM,60,n,n,n,,,,,,,,,,,,,,,ø,,
Manshoon,Medium,Humanoid,Human,Lawful evil,,13,WDH,209,y,n,n,,,,,,,,,,,,,,ø,,,
Mantari,Medium,Monstrosity,,Neutral evil,,1/8,FEF,169,n,n,n,,,,,,,,,,,,x,,,,,
Manticore,Large,Monstrosity,,Lawful evil,,3,MM,213,n,n,n,,,,x,x,,,x,x,x,,,,,,,
"Mantik, Barbed King of the Manticors",Huge,Monstrosity,,Lawful evil,,9,CC,262,n,y,n,,,,,,,,,,,,,,,,,
Mantrap,Large,Plant,,Unaligned,,1,ToA,227,n,n,n,,,,,,,,,,,,,,,,,
Margoyle,Medium,Monstrosity,,Chaotic evil,,5,FEF,116,n,n,n,,,,x,x,x,x,x,x,x,x,x,,x,,,
Marid,Large,Elemental,,Chaotic neutral,,11,MM,146,y,n,n,,,,,x,,,,,,,,x,,,,
Marilith,Large,Fiend,Demon,Chaotic evil,,16,MM,61,n,n,n,,,,,,,,,,,,,,,ø,,
Marlos Urnrayle,Medium,Monstrosity,,Neutral evil,,8,PotA,199,n,n,n,,,,,,,,,,,,,,,,,
Marlos Urnrayle (with Lair Actions),Medium,Monstrosity,,Neutral evil,,12,PotA,199,n,n,y,,,,,,,,,,,,,,,,,
Martial Arts Adept,Medium,Humanoid,,Any alignment,,3,TftYP,240,n,n,n,,,,,,,,,,,,,,,,,
Martial Arts Adept,Medium,Humanoid,Any Race,Any alignment,,3,VGtM,216,n,n,n,,,,,,,,,,,,,,x,,,
Martial Arts Adept,Medium,Humanoid,Any Race,Any alignment,,3,WDH,209,n,n,n,,,,,,,,,,,,,,ø,,,
Marut,Large,Construct,Inevitable,Lawful neutral,,25,MToF,213,y,n,n,,,,,,,,,,,,,,,ø,,
Mask Wight,Medium,Undead,,Neutral evil,,13,ToB,285,y,n,n,,,,,,ø,,,,,ø,ø,,ø,,,
Masked Killer,Medium,Humanoid,Any race,Chaotic evil,,5,MaDC,116,n,n,n,,,,,,,ø,ø,ø,ø,ø,,,ø,,,
Master Ferrius Ironback,Medium,Humanoid,Human,Lawful neutral,,20,MaDC,117,n,y,n,,,,,,,,,,,,,,ø,,,
Master of Cruelties,Large,Fiend,Demon,Chaotic evil,,9,GGtR,196,y,n,n,,,,,,,,,,,,ø,,ø,ø,,
Master of Demon Mountain,Medium,Humanoid,Tiefling,Lawful evil,,17,CC,264,y,y,n,,,,,,,,,,,,,,,,,
Master of the Five Spires,Medium,Humanoid,,Any lawful,,8,MaDC,123,n,n,n,,,,,,ø,,,,,,,,ø,,,
Master Thief,Medium,Humanoid,Any Race,Any alignment,,5,VGtM,216,n,n,n,,,,,,,,,,,,,,x,,,
Mastiff,Medium,Beast,,Unaligned,,1/8,MM,332,n,n,n,,,,,,,x,,x,,,,,x,,,
Mastodon,Huge,Beast,,Unaligned,,4,FEF,185,n,n,n,,,,x,,,x,x,x,,,,,,,,
Matriarch Serpentine Lamia,Large,Monstrosity,,Neutral evil,,5,CC,249,y,n,n,,,,,,,,,,,,,,,,,
Maurezhi,Medium,Fiend,Demon,Chaotic evil,,7,MToF,133,n,n,n,,,,,,,,,,,x,,,x,ø,,
Mavka,Medium,Fey,,Chaotic evil,,12,ToB,286,y,n,n,,,,,,,,,,,,,,,,,
Mavka,Medium,Undead,,Chaotic evil,,12,ToB,286,y,n,n,,,,,,,,,,,ø,ø,,ø,,,
Maw Demon,Medium,Fiend,Demon,Chaotic evil,,1,VGtM,137,n,n,n,,,,,,,,,,,,x,,,,,
Mbielu,Huge,Beast,Dinosaur,Unaligned,,3,ToB,114,n,n,n,,,,,ø,,,,,,ø,,ø,,,,
Meazel,Medium,Humanoid,Meazel,Neutral evil,,1,MToF,214,n,n,n,,,,,,x,x,x,x,x,x,x,,x,,,
Medusa,Medium,Monstrosity,,Lawful evil,,6,MM,214,n,n,n,,,,,,x,,,,,,,,,,,
Meenlock,Small,Fey,,Neutral evil,,2,VGtM,170,n,n,n,,,,,,,x,,,,x,,,x,,,
Megapede,Large,Aberration,,Unaligned,,3,CC,266,n,n,n,,,,,,,,,,,,,,,,,
Meloon Wardragon,Medium,Humanoid,Human,Neutral evil,,9,WDH,210,n,n,n,,,,,,,,,,,,,,ø,,,
Merfolk,Medium,Humanoid,Merfolk,Neutral,,1/8,MM,218,n,n,n,,,,,x,,,,,,,,x,,,,
Merregon,Medium,Fiend,Devil,Lawful evil,,4,MToF,166,n,n,n,,,,,,,,,,,,,,,ø,,
Merrenoloth,Medium,Fiend,Yugoloth,Neutral evil,,3,MToF,250,y,n,y,,,,,x,,,,,,,,,,ø,,
Merrow,Large,Monstrosity,,Chaotic evil,,2,MM,219,n,n,n,,,,,x,,,,,,,,x,,,,
Metee-Kolen-Ol,Medium,Humanoid,,Chaotic evil,,2,CC,404,y,n,n,,,,,,,,,,,,,,,,,
Mezzoloth,Medium,Fiend,Yugoloth,Neutral evil,,5,MM,313,y,n,n,,,,,,,,,,,,,,,ø,,
Mi-Go,Medium,Plant,,Neutral evil,,5,ToB,287,n,n,n,,,,,,,ø,ø,ø,,,,,,,,
Mi-Go Lord,Large,Aberration,Mi-Go,Lawful evil,,14,MaDC,121,n,n,n,,,,,,,,,,,,,,ø,ø,,
Mi-Go Scientist,Medium,Aberration,Mi-Go,Lawful evil,,6,MaDC,120,n,n,n,,,,,,,,,,,,,,ø,ø,,
Mi-Go Soldier,Medium,Aberration,Mi-Go,Lawful evil,,9,MaDC,120,n,n,n,,,,,,,,,,,,,,ø,ø,,
Mi-Go Spawnling,Small,Aberration,Mi-Go,Lawful evil,,2,MaDC,119,n,n,n,,,,,,,,,,,,,,ø,ø,,
Mi-Go Worker,Medium,Aberration,Mi-Go,Lawful evil,,5,MaDC,119,n,n,n,,,,,,,,,,,,,,ø,ø,,
Michael McHowlett,Medium,Humanoid,"Maraish, shapechanger",Unaligned,,4,MaDC,118,n,n,n,,,,,,,ø,ø,ø,,ø,,,,,,
Midnight Peddler,Medium,Fey,,Neutral,,1/2,FEF,170,n,n,n,,,,x,x,x,x,x,x,x,x,x,,x,,,
Might Sliver,Large,Monstrosity,Sliver,Unaligned,,2,MaDC,183,n,n,n,,,,,ø,,ø,ø,ø,ø,ø,ø,,,,,
Millitaur,Large,Monstrosity,,Neutral,,3,ToB,288,n,n,n,,,,,,,ø,,,,ø,,,,,,
Mimic,Medium,Monstrosity,Shapechanger,Neutral,,2,MM,220,n,n,n,,,,,,,,,,,,x,,x,,,
"Mimic, Map",Tiny,Aberration,,Neutral,,1/4,ToB,289,n,n,n,,,,,,,,,,,,,,ø,,,
Mind Drinker Vampire,Medium,Undead,,Neutral evil,,4,GGtR,224,y,n,n,,,,,,,,,,,,,,ø,,,
Mind Flayer,Medium,Aberration,,Lawful evil,,7,MM,222,y,n,n,,,,,,,,,,,,x,,,,,
Mind Flayer Arcanist,Medium,Aberration,,Lawful evil,,8,MM,222,n,n,n,,,,,,,,,,,,x,,,,,
Mind Flayer Lich (Illithilich),Medium,Undead,Mindflayer,Any evil,,22,VGtM,172,y,y,n,,,,,,,,,,,,,,,,,
Mind Mage,Medium,Humanoid,Any Race,Neutral evil,,5,GGtR,233,y,n,n,,,,,,,,,,,,ø,,ø,,,
Mindrot Thrall,Medium,Plant,,Neutral,,3,ToB,290,n,n,n,,,,,,,,,,,ø,ø,,ø,,,
Mindwitness,Large,Aberration,,Lawful evil,,5,VGtM,176,n,n,n,,,,,,,,,,,,x,,,,,
Minotaur,Large,Monstrosity,,Chaotic evil,,3,MM,223,n,n,n,,,,,,,,,,,,x,,,,,
Minotaur Skeleton,Large,Undead,,Lawful evil,,2,MM,273,n,n,n,,,,,,,,,,,,x,,,,,
Mirager,Medium,Fey,,Neutral evil,,3,ToB,291,y,n,n,,,,,,ø,,,,,,,,,,,
Miraj Vizann,Medium,Humanoid,Earth Genasi,Neutral evil,,6,PotA,198,y,n,n,,,,,,,,,,,,,,,,,
Miremal,Small,Fey,,Chaotic evil,,1/2,ToB,292,n,n,n,,,,,,,ø,,,,ø,,,,,,
Mirror Hag,Medium,Fey,Hag,Chaotic neutral,,6,ToB,243,y,n,n,,,,,,,ø,,,ø,ø,,,,,,
Mirrorman,Medium,Aberration,,Chaotic neutral,,6,MaDC,122,y,n,n,,,,,,ø,,,,,,,,,,,
Mirt,Medium,Humanoid,Human,Chaotic good,,9,WDH,211,n,n,n,,,,,,,,,,,,,,ø,,,
Mite,Small,Fey,,Lawful evil,,1/8,FEF,171,y,n,n,,,,,,,,,,,,x,,,,,
Mithril Guard,Medium,Humanoid,Human,Unaligned,,7,MaDC,94,n,n,n,,,,,,,,,,,,,,ø,,,
Mngwa,Medium,Aberration,,Neutral evil,,4,ToB,293,n,n,n,,,,,,,,,ø,ø,,,,,,,
Mold Zombie,Medium,Undead,,Chaotic evil,,3,CC,395,n,n,n,,,,,,,,,,,,,,,,,
Moloch,Large,Fiend,"Devil, Archdevil",Lawful evil,,21,MToF,177,y,y,n,,,,,,,,,,,,,,,ø,,
Molydeus,Huge,Fiend,Demon,Chaotic evil,,21,MToF,134,y,y,n,,,,,,,,,,,,,,,ø,,
Mommy Warrior,Medium,Undead,,Lawful evil,,6,MaDC,134,n,n,n,,,,,,ø,,,,,,,,ø,,,
Monarch Skeleton,Medium,Undead,,Neutral evil,,9,CC,341,n,n,n,,,,,,,,,,,,,,,,,
Mongrelfolk,Medium,Humanoid,Mongrelfolk,Any alignment,,1/4,CoS,234,n,n,n,,,,,,,ø,,ø,ø,ø,ø,,,,,
Monkey King,Medium,Celestial,Simian,Neutral,,21,CC,337,n,y,n,,,,,,,,,,,,,,,,,
Monodrone,Medium,Construct,Modron,Lawful neutral,,1/8,MM,224,n,n,n,,,,,,,,,,,,,,,ø,,
Monolith Champion,Large,Construct,,Unaligned,,8,ToB,294,n,n,n,,,,ø,,,,,,ø,,,,ø,,,
Monolith Footman,Large,Construct,,Unaligned,,3,ToB,295,n,n,n,,,,ø,,,,,,ø,,,,ø,,,
Monstrous crayfish,Large,Beast,Aquatic,Unaligned,,2,FEF,70,n,n,n,,,,,x,,,,,,x,,x,,,,
Moon Drake,Medium,Dragon,Drake,Neutral,,5,CC,129,n,n,n,"Curative Saliva, Moonbound","Multiattack, Bite, Claw, Moonlight Nip, Lunarbeam",Form of Moonlight,,,,,,,,,,,,,,
Moon Nymph,Medium,Aberration,,Chaotic evil,,8,CC,269,n,n,n,,,,,,,,,,,,,,,,,
Moon Priestess,Large,Monstrosity,Minotaur,Chaotic evil,,7,CC,267,y,n,n,,,,,,,,,,,,,,,,,
Moonchild Naga,Large,Monstrosity,,Neutral evil,,6,CC,273,y,n,n,,,,,,,,,,,,,,,,,
Mordant Snare,Gargantuan,Aberration,,Chaotic evil,,15,ToB,296,n,n,n,,,,,,,,,,,,,,,,,
Morko,Small,Fey,,Chaotic evil,,1/4,CC,270,n,n,n,,,,,,,,x,,,,,,,,,
Morkoth,Medium,Aberration,,Chaotic evil,,11,VGtM,178,y,n,y,,,,,x,,,,,,,,x,,,,
Mormesk The Wraith,Medium,Undead,,Neutral evil,,3,LMoP,59,n,n,n,,,,,,,,,,,,,,,,,
Morphlit,Small,Aberration,,Chaotic evil,,2,MaDC,131,n,n,n,,,,ø,ø,ø,ø,ø,ø,ø,ø,ø,ø,,,,TftYP - Tales from the Yawning Portal
Morphoi,Medium,Plant,,Chaotic evil,,1/2,ToB,297,n,n,n,,,,,ø,,,,,,,,ø,,,,
Morvudd,Large,Fiend,Demon,Unaligned,,7,MaDC,132,n,n,n,,,,,,,,,,,,,,,ø,,
Moss Lurker,Small,Humanoid,,Chaotic neutral,,1,ToB,298,n,n,n,,,,,,,ø,,ø,,ø,,,,,,
Mother Hydra,Huge,Monstrosity,Deep One,Chaotic evil,,24,MaDC,133,n,y,n,,,,,,,,,,,,,ø,,ø,,
Mountain Giant,Gargantuan,Giant,,Neutral evil,,21,CC,185,n,y,y,"Legendary Resistance, Magic Resistance, Mountain Master, Siege Monster","Multiattack, Slam, Boulder, Boulder Spray",,,,,,,,,,,,,,,
Mouse King,Small,Fey,"Shapechanger, Animal Lord",Neutral,,11,CC,28,y,y,y,,,,,,,,,,,,,,,,,
Mouth of Grolantor,Huge,Giant,Hill Giant,Chaotic evil,,6,VGtM,149,n,n,n,,,,,,,,x,x,,,,,,,,
Mud Golem,Small,Construct,,Unaligned,,1,CC,201,n,n,n,,,,x,x,x,x,x,x,x,x,x,x,x,,,
Mud Mephit,Small,Elemental,,Neutral evil,,1/4,MM,216,n,n,n,,,,,,,,,,,x,,,,,,
Muiral,Large,Monstrosity,,Chaotic evil,,13,WDotMM,314,y,y,n,,,,,,,,,,,,ø,,,,,
Mule,Medium,Beast,,Unaligned,,1/8,MM,333,n,n,n,,,,,,x,,,x,,,,,x,,,
Mummy,Medium,Undead,Mummy,Lawful evil,,3,MM,228,n,n,n,,,,,,x,,,,,,,,,,,
Mummy Lord,Medium,Undead,Mummy,Lawful evil,,15,MM,229,y,y,n,,,,,,x,,,,,,,,,,,
Mummy Lord (in lair),Medium,Undead,Mummy,Lawful evil,,16,MM,229,y,y,y,,,,,,x,,,,,,,,,,,
Mummy of the deep,Medium,Undead,Aquatic,Neutral evil,,2,FEF,173,n,n,n,,,,,x,,,,,,x,x,,,,,
Murder crow,Medium,Undead,,Chaotic evil,,3,FEF,174,n,n,n,,,,,,,x,x,x,,,,,,,,
Mustard jelly,Large,Ooze,,Unaligned,,5,FEF,151,n,n,n,,,,,,,,,,,x,,,,,,
Mutant Troll,Large,Giant,,Chaotic evil,,6,MaDC,207,n,n,n,,,,,,,,,,,ø,ø,,,,,
Mutant Troll,Large,Giant,,Chaotic evil,,7,MaDC,207,n,n,n,,,,,,,,,,,ø,ø,,,,,
Mwaxanaré,Medium,Humanoid,Human,Lawful neutral,,1/8,ToA,228,y,n,n,,,,,,,,,,,,,,,,,
Myconid Adult,Medium,Plant,Myconid,Lawful neutral,,1/2,MM,232,n,n,n,,,,,,,,,,,,x,,,,,
Myconid Sovereign,Large,Plant,Myconid,Lawful neutral,,2,MM,232,n,n,n,,,,,,,,,,,,x,,,,,
Myconid Sprout,Small,Plant,Myconid,Lawful neutral,,0,MM,230,n,n,n,,,,,,,,,,,,x,,,,,
Myling,Small,Undead,,Chaotic evil,,2,ToB,301,n,n,n,,,,ø,,,,,,,,ø,,,,,
Myr,Small,Construct,Myr,Neutral,,1/4,MaDC,135,n,n,n,,,,,,,,,,,,,,ø,,,
Myr Battlesphere,Huge,Construct,Myr,Neutral,,5,MaDC,136,n,n,n,,,,,,,,,,ø,,,,ø,,,
Mytholabe,Large,Construct,,Unaligned,,9,CC,271,y,n,n,,,,,,,,,,,,,,,,,
Nabassu,Medium,Fiend,Demon,Chaotic evil,,15,MToF,135,n,n,n,,,,,,,,,,,x,x,,x,ø,,
Nachzehrer,Medium,Undead,,Chaotic evil,,8,CC,272,n,n,n,,,,,,,,,,,,,,,,,
Naergoth Bladelord,Medium,Undead,,Neutral evil,,11,RoT,90,n,n,n,,,,,,,,,,,,,,,,,
Nagpa,Medium,Humanoid,Nagpa,Neutral evil,,17,MToF,215,y,n,n,,,,,x,x,x,,,,x,x,,x,,,
Naina,Large,Dragon,,Lawful evil,,11,ToB,302,y,n,n,,,,,,,ø,,,,,,,ø,,,
Naina (in humanoid form),Medium,Fey,,Lawful evil,,11,ToB,302,y,n,n,,,,,,,,,,,,,,,,,
Nalfeshnee,Large,Fiend,Demon,Chaotic evil,,13,MM,62,n,n,n,,,,,,,,,,,,,,,ø,,
Nalusa Falaya,Medium,Aberration,,Neutral evil,,1/2,CC,274,n,n,n,,,,,,,,x,,,,,,x,,,
Narrak,Medium,Humanoid,Derro,Chaotic evil,,2,OotA,232,y,n,n,,,,,,,,,,,,,,,,,
Narzugon,Medium,Fiend,Devil,Lawful evil,,13,MToF,167,n,n,n,,,,,,,,,,,,,,,ø,,
Necromancer,Medium,Humanoid,,Any alignment,,9,TftYP,241,y,n,n,,,,,,,,,,,,,,,,,
Necromancer,Medium,Humanoid,Any Race,Any alignment,,9,VGtM,217,y,n,n,,,,,,x,,,,,,,,x,,,
Necromancer,Medium,Humanoid,,Any evil,,6,CC,404,y,n,n,,,,,,,,,,,,,,,,,
Necrophage Ghast,Medium,Undead,Ghoul,Chaotic evil,,4,CC,175,y,n,n,"Necrophage Stench, Turning Defiance, Spellcasting","Bite, Claws",,,,,,,,,,,,,,,
Necrotic Tick,Tiny,Beast,,Unaligned,,1/4,CC,275,n,n,n,,,,x,x,x,x,x,x,x,x,x,x,x,,,
Needle Blight,Medium,Plant,,Neutral evil,,1/4,MM,32,n,n,n,,,,,,,x,,,,,,,,,,
Neogi,Small,Aberration,,Lawful evil,,3,VGtM,180,n,n,n,,,,,,,,,x,,,x,,,,,
Neogi Hatchling,Tiny,Aberration,,Lawful evil,,1/8,VGtM,179,n,n,n,,,,,,,,,x,,,x,,,,,
Neogi Master,Medium,Aberration,,Lawful evil,,4,VGtM,180,y,n,n,,,,,,,,,x,,,x,,,,,
Neophron,Medium,Fiend,"Demon, Shapechanger",Chaotic evil,,8,CC,86,n,n,n,"Shapechanger, Keen Sight and Smell, Magic Resistance","Multiattack, Bite, Claq",,,,,,,,,,,,,,,
Neothelid,Gargantuan,Aberration,,Chaotic evil,,11,VGtM,181,y,n,n,,,,,,,,,,,,x,,,,,
Neothelid,Gargantuan,Aberration,,Chaotic evil,,13,WDotMM,315,y,n,n,,,,,,,,,,,,ø,,,,,
Nereid,Medium,Fey,,Any chaotic,,2,TftYP,240,n,n,n,,,,,,,,,,,,,,,,,
Neronvain,Medium,Humanoid,Elf,Neutral evil,,9,RoT,91,n,n,n,,,,,,,,,,,,,,,,,
Nezznar The Black Spider,Medium,Humanoid,Elf,Neutral evil,,2,LMoP,59,y,n,n,,,,,,,,,,,,,,,,,
Ngobou,Large,Beast,Dinosaur,Unaligned,,5,ToB,115,n,n,n,,,,,,,,ø,ø,,,,,,,,
Nian,Large,Monstrosity,,Chaotic neutral,,4,CC,276,n,n,n,,,,,,,,,,,,,,,,,
Nichny,Medium,Fey,,Neutral evil,,6,ToB,302,y,n,n,,,,,,,ø,,,,ø,,,,,,
Night Hag,Medium,Fiend,,Neutral evil,,5,MM,178,y,n,n,,,,,,,,,,,,,,,ø,,
Night Scorpion,Large,Beast,,Unaligned,,3,ToB,340,n,n,n,,,,,,ø,,,,,,ø,,,,,
Night-Gaunt,Medium,Aberration,Deamlander,Chaotic evil,,9,MaDC,137,n,n,n,,,,,,,,,,,,,,,ø,,
Nightgarm,Large,Monstrosity,,Chaotic evil,,6,ToB,305,y,n,n,,,,ø,,,ø,,ø,,,,,,,,
Nightgaunt,Large,Aberration,,Lawful evil,,10,CC,277,n,n,n,,,,,,,,,,,,,,,,,
Nightmare,Large,Fiend,,Neutral evil,,3,MM,235,n,n,n,,,,,,,,,,,,,,,ø,,
Nightmare Troll,Large,Fiend,,Neutral evil,,7,MaDC,208,n,n,n,,,,,,,,,,,,ø,,,ø,,
Nightveil Specter,Medium,Undead,,Neutral evil,,10,GGtR,215,n,n,n,,,,,,,,,,,,ø,,ø,,,
Nightwalker,Huge,Undead,,Chaotic evil,,20,MToF,216,n,n,n,,,,x,,x,,,,,x,x,,,,,
Nihilethic Zombie,Medium,Undead,,Neutral evil,,1,ToB,9,n,n,n,,,,,,,,,,ø,,,,ø,ø,,
Nilborg,Small,Humanoid,Goblinoid,Chaotic evil,,1,VGtM,182,y,n,n,,,,,,,x,,x,,,x,,,,,
Nimblewright,Medium,Construct,,Unaligned,,4,WDH,212,n,n,n,,,,,,,,,,,,,,ø,,,
Ningyo,Small,Aberration,,Neutral evil,,7,CC,278,n,n,n,,,,,,,,,,,,,,,,,
Niv-Mizzet,Gargantuan,Dragon,,Chaotic neutral,,26,GGtR,241,y,y,n,,,,,,,,,,,,,,ø,,,
Nivix Cyclops,Large,Giant,,Unaligned,,8,GGtR,216,n,n,n,,,,,,,,,,,,,,ø,,,
Nix Riversong,Medium,Humanoid,Elf,Unaligned,,21,MaDC,99,y,y,n,,,,,,,,,,,,,,ø,,,
Nkosi,Medium,Humanoid,,Lawful neutral,,1/2,ToB,306,n,n,n,,,,,,ø,,ø,ø,,,,,ø,,,
Nkosi Pridelord,Medium,Humanoid,,Lawful neutral,,4,ToB,306,n,n,n,,,,,,ø,,ø,,,,,,,,,
Noble,Medium,Humanoid,Any Race,Any alignment,,1/8,MM,348,n,n,n,,,,,,,,,,,,,,x,,,
Noctiny,Medium,Humanoid,,Neutral evil,,2,ToB,308,y,n,n,,,,,,,,,,,,,,ø,,,
Nodosaurus,Large,Beast,Dinosaur,Unaligned,,1,CC,109,n,n,n,Swamp Camouflage,Tail,,,,,,x,,,x,,,,,,
Nothic,Medium,Aberration,,Neutral evil,,2,LMoP,60,n,n,n,,,,,,,,,,,,ø,,,,,
Nothic,Medium,Aberration,,Neutral evil,,2,MM,236,n,n,n,,,,,,,,,,,,x,,,,,
Nupperibo,Medium,Fiend,Devil,Lawful evil,,1/2,MToF,168,n,n,n,,,,,,,,,,,,,,,ø,,
Nycaloth,Large,Fiend,Yugoloth,Neutral evil,,9,MM,314,y,n,n,,,,,,,,,,,,,,,ø,,
Oaken Bolter,Medium,Construct,,Unaligned,,5,MToF,126,n,n,n,,,,,,,x,x,x,x,,,,,,,
Oblex Spawn,Tiny,Ooze,Oblex,Lawful evil,,1/4,MToF,217,n,n,n,,,,,,,,,,,x,x,,x,,,
Obzedat Ghost,Medium,Undead,,Lawful evil,,8,GGtR,245,y,y,n,,,,,,,,,,,,,,ø,ø,,
Ochre Jelly,Large,Ooze,,Unaligned,,2,LMoP,60,n,n,n,,,,,,,,,,,,ø,,,,,
Ochre Jelly,Large,Ooze,,Unaligned,,2,MM,243,n,n,n,,,,,,,,,,,,x,,,,,
Octopus,Small,Beast,,Unaligned,,0,MM,333,n,n,n,,,,,ø,,,,,,,,ø,,,,
Oculo Swarm,Large,Monstrosity,Swarm,Neutral evil,,4,ToB,309,n,n,n,,,,,,,,,,,,,,,,,
Ogre,Large,Giant,,Chaotic evil,,2,LMoP,60,n,n,n,,,,ø,ø,ø,ø,ø,ø,ø,ø,ø,,,,,
Ogre,Large,Giant,,Chaotic evil,,2,MM,237,n,n,n,,,,x,x,x,x,x,x,x,x,x,,,,,
"Ogre ""Big Boss""",Large,Giant,Ogre,Chaotic evil,,5,MaDC,141,n,n,n,,,,ø,,,ø,ø,ø,ø,ø,ø,,,,,
Ogre Battering Ram,Large,Giant,Ogre,Chaotic evil,,4,MToF,220,n,n,n,,,,,,,,x,x,,,,,,,,
Ogre Bolt Launcher,Large,Giant,Ogre,Chaotic evil,,2,MToF,220,n,n,n,,,,,,,,x,x,,,,,,,,
Ogre Chain Brute,Large,Giant,Ogre,Chaotic evil,,3,MToF,221,n,n,n,,,,,,,,x,x,,,,,,,,
Ogre Howdah,Large,Giant,Ogre,Chaotic evil,,2,MToF,221,n,n,n,,,,,,,,x,x,,,,,,,,
Ogre Zombie,Large,Undead,,Neutral evil,,2,MM,316,n,n,n,,,,,,,,,,,,,,ø,,,
Ogrémoch,Gargantuan,Elemental,,Neutral evil,,20,PotA,216,y,y,y,,,,,,,,,,,,,,,,,
Ogrillon Sellsword,Medium,Humanoid,Orc,Chaotic evil,,3,MaDC,157,n,n,n,,,,ø,,,ø,ø,ø,ø,ø,ø,,,,,
Ogrillon Warmage,Large,Giant,"Ogre, Orc",Chaotic evil,,5,MaDC,148,y,n,n,,,,ø,,,ø,ø,ø,ø,ø,ø,,,,,
Oinoloth,Medium,Fiend,Yugoloth,Neutral evil,,12,MToF,251,y,n,n,,,,,,x,,,,,,x,,,ø,,
Olhydra,Huge,Elemental,,Neutral evil,,18,PotA,218,y,y,y,,,,,,,,,,,,,,,,,
Oliphaunt,Gargantuan,Beast,,Unaligned,,8,CC,280,n,n,n,,,,,,,,,,,,,,,,,
Olive slime,Large,Plant,Fungus,Unaligned,,0,FEF,176,n,n,n,,,,,,,,,,,,x,,,,,
Olive slime zombie,Medium,Plant,,Neutral evil,,1/2,FEF,177,n,n,n,,,,,,,,,,,,x,,,,,
One-Eyed Shiver,Medium,Humanoid,Human,Chaotic evil,,3,PotA,207,y,n,n,,,,,,,,,,,,,,,,,
Oni,Large,Giant,,Lawful evil,,7,MM,239,y,n,n,,,,,,,x,,,,,,,x,,,
Oozasis,Gargantuan,Ooze,,Unaligned,,9,ToB,310,n,n,n,,,,,,ø,,,,,,,,,,,
Ooze Master,Huge,Undead,,Lawful evil,,10,TftYP,241,y,n,n,,,,,,,,,,,,,,,,,
Ophanim,Large,Celestial,Angel,Lawful good,,16,CC,18,y,n,n,,,,,,,,,,,,,,,,,
Orc,Medium,Humanoid,Orc,Chaotic evil,,1/2,LMoP,61,n,n,n,,,,,,,,,,,,,,,,,
Orc,Medium,Humanoid,Orc,Chaotic evil,,1/2,MM,246,n,n,n,,,,x,,,x,x,x,x,x,x,,,,,
Orc Acolyte,Medium,Humanoid,Orc,Chaotic evil,,1,MaDC,149,y,n,n,,,,ø,,,ø,ø,ø,ø,ø,ø,,,,,
Orc Berserker,Medium,Humanoid,Orc,Chaotic evil,,1,MaDC,139,n,n,n,,,,ø,,,ø,ø,ø,ø,ø,ø,,,,,
Orc Berserker,Medium,Humanoid,Orc,Chaotic evil,,1,MaDC,140,n,n,n,,,,ø,,,ø,ø,ø,ø,ø,ø,,,,,
Orc Blackguard,Medium,Humanoid,Orc,Chaotic evil,,5,MaDC,152,y,n,n,,,,ø,,,ø,ø,ø,ø,ø,ø,,,,,
Orc Blade of Ilneval,Medium,Humanoid,Orc,Chaotic evil,,4,VGtM,183,n,n,n,,,,,,,x,x,x,x,,x,,,,,
Orc Brute,Medium,Humanoid,Orc,Chaotic evil,,1,MaDC,140,n,n,n,,,,ø,,,ø,ø,ø,ø,ø,ø,,,,,
Orc Champion,Medium,Humanoid,Orc,Chaotic evil,,4,MaDC,153,n,n,n,,,,ø,,,ø,ø,ø,ø,ø,ø,,,,,
Orc Claw of Luthic,Medium,Humanoid,Orc,Chaotic evil,,2,VGtM,183,y,n,n,,,,,,,x,x,x,x,,x,,,,,
Orc Cutthroat,Medium,Humanoid,Orc,Neutral evil,,3,MaDC,141,n,n,n,,,,ø,,,ø,ø,ø,ø,ø,ø,,,,,
Orc Demonologist,Medium,Humanoid,Orc,Chaotic evil,,4,MaDC,144,n,n,n,,,,ø,,,ø,ø,ø,ø,ø,ø,,,,,
Orc Eye of Gruumsh,Medium,Humanoid,Orc,Chaotic evil,,2,MM,247,y,n,n,,,,x,,,x,x,x,x,x,x,,,,,
Orc Fire Eater,Medium,Humanoid,Orc,Chaotic evil,,2,MaDC,145,y,n,n,,,,ø,,,ø,ø,ø,ø,ø,ø,,,,,
Orc Hand of Gruumsh,Medium,Humanoid,Orc,Chaotic evil,,3,MaDC,146,y,n,n,,,,ø,,,ø,ø,ø,ø,ø,ø,,,,,
Orc Hand of Yurtrus,Medium,Humanoid,Orc,Chaotic evil,,2,VGtM,184,y,n,n,,,,,,,x,x,x,x,,x,,,,,
Orc Hunter,Medium,Humanoid,Orc,Chaotic evil,,2,MaDC,153,n,n,n,,,,ø,,,ø,ø,ø,ø,ø,ø,,,,,
Orc Marauder,Medium,Humanoid,Orc,Chaotic evil,,1,MaDC,154,n,n,n,,,,ø,,,ø,ø,ø,ø,ø,ø,,,,,
Orc Mystic,Medium,Humanoid,Orc,Chaotic evil,,1/2,MaDC,145,y,n,n,,,,ø,,,ø,ø,ø,ø,ø,ø,,,,,
Orc Necromancer,Medium,Humanoid,Orc,Chaotic evil,,4,MaDC,147,y,n,n,,,,ø,,,ø,ø,ø,ø,ø,ø,,,,,
Orc Nurtured One of Yurtrus,Medium,Humanoid,Orc,Chaotic evil,,1/2,VGtM,184,n,n,n,,,,,,,x,x,x,x,,x,,,,,
Orc Occultist,Medium,Humanoid,Orc,Chaotic evil,,2,MaDC,150,y,n,n,,,,ø,,,ø,ø,ø,ø,ø,ø,,,,,
Orc Peon,Medium,Humanoid,Orc,Chaotic evil,,1/2,MaDC,142,n,n,n,,,,ø,,,ø,ø,ø,ø,ø,ø,,,,,
Orc Raid Chief,Medium,Humanoid,Orc,Chaotic evil,,3,MaDC,154,n,n,n,,,,ø,,,ø,ø,ø,ø,ø,ø,,,,,
Orc Ranger,Medium,Humanoid,Orc,Chaotic evil,,5,MaDC,155,n,n,n,,,,ø,,,ø,ø,ø,ø,ø,ø,,,,,
Orc Red Fang of Shargaas,Medium,Humanoid,Orc,Chaotic evil,,3,VGtM,185,n,n,n,,,,x,,,x,x,x,x,x,x,,,,,
Orc Scout,Medium,Humanoid,Orc,Chaotic evil,,1/2,MaDC,157,n,n,n,,,,ø,,,ø,ø,ø,ø,ø,ø,,,,,
Orc Shaman,Medium,Humanoid,Orc,Chaotic evil,,1/2,MaDC,150,y,n,n,,,,ø,,,ø,ø,ø,ø,ø,ø,,,,,
Orc Thug,Medium,Humanoid,Orc,Chaotic evil,,1,MaDC,142,n,n,n,,,,ø,,,ø,ø,ø,ø,ø,ø,,,,,
Orc War Chief,Medium,Humanoid,Orc,Chaotic evil,,4,MM,246,n,n,n,,,,x,,,x,x,x,x,x,x,,,,,
Orc Warlock,Medium,Humanoid,Orc,Chaotic evil,,1/2,MaDC,147,y,n,n,,,,ø,,,ø,ø,ø,ø,ø,ø,,,,,
Orc Warrior,Medium,Humanoid,Orc,Chaotic evil,,2,MaDC,158,n,n,n,,,,ø,,,ø,ø,ø,ø,ø,ø,,,,,
Orcus,Huge,Fiend,"Demon, Lord",Chaotic evil,,26,MToF,153,y,y,y,,,,,,,,,,,,,,,ø,,
Orcus,Huge,Fiend,Demon,Chaotic evil,,26,OotA,245,y,y,y,,,,,,,,,,,,,,,ø,,
Oreioth,Medium,Humanoid,Human,Chaotic evil,,2,PotA,211,y,n,n,,,,,,,,,,,,,,,,,
Origami warrior,Medium,Construct,,Unaligned,,1/8,FEF,180,n,n,n,,,,x,x,x,x,x,x,x,x,x,,x,,,
Orobas Devil,Large,Fiend,Devil,Lawful evil,,14,ToB,111,y,n,n,,,,,,,,,,,,,,,ø,,
Orog,Medium,Humanoid,Orc,Chaotic evil,,2,MM,247,n,n,n,,,,x,,,x,x,x,x,,x,,,,,
Orthon,Large,Fiend,Devil,Lawful evil,,10,MToF,169,n,n,n,,,,,,x,,,,,,x,,x,ø,,
Orthrus,Medium,Monstrosity,,Lawful neutral,,3,CC,292,n,n,n,,,,,,,,,,,,,,,,,
Orzhov Giant,Large,Giant,,Lawful evil,,6,GGtR,202,n,n,n,,,,,,,,,,,,,,ø,,,
Ostinato,Medium,Aberration,,Chaotic neutral,,4,ToB,312,n,n,n,,,,,,,,,,,,,,ø,,,
Oth,Large,Aberration,Shoth,Lawful neutral,,5,CC,333,n,n,n,,,,,,,,,,,,,,,,,
Otyugh,Large,Aberration,,Neutral,,5,MM,248,n,n,n,,,,,,,,,,,,x,,,,,
Ouroban Dragonborn,Medium,Humanoid,Dragonborn,Lawful neutral,,11,CC,125,y,n,n,"Devastate, Fire Absorption, Spellcasting","Heavy Crossbow, Fire Breath, Abyssal Fires",,,,,,,,,,,,,,,
Ouroboros,Huge,Dragon,Dragon,Neutral,,6,CC,293,n,y,n,,,,,,,,,,,,,,,,,
Owl,Tiny,Beast,,Unaligned,,0,MM,333,n,n,n,,,,x,,,x,,,,,,,,,,
Owl Harpy,Medium,Monstrosity,,Neutral evil,,5,ToB,246,y,n,n,,,,,ø,,ø,,ø,ø,,,,,,,
Owlbear,Large,Monstrosity,,Unaligned,,3,LMoP,61,n,n,n,,,,,,,ø,,,,,,,,,,
Owlbear,Large,Monstrosity,,Unaligned,,3,MM,249,n,n,n,,,,,,,x,,,,,,,,,,
Owlbear Matron,Large,Monstrosity,,Unaligned,,5,MaDC,159,n,n,n,,,,,,,ø,,,,,,,,,,
Owlwere,Small,Monstrosity,Shapechanger,Chaotic evil,,1/2,FEF,229,n,n,n,,,,,,,x,x,x,,,x,,,,,
Pact Devil,Large,Fiend,Devil,Lawful evil,,9,MaDC,160,n,n,n,,,,,,,,,,,,,,ø,ø,,
Pact Drake,Small,Dragon,Drake,Lawful neutral,,1,CC,130,y,n,n,"Binding Witness, Sense Falsehood, Innate Spellcasting","Multiattack, Claw, Bite, Enforced Diplomacy, Punish Transgressor",,,,,,,,,,,,x,,,
Pact Lich,Medium,Undead,,Any evil,,15,CC,254,y,y,y,,,,,,,,,,,,,,,,,
Paige Truestrike,Medium,Humanoid,Human,Unaligned,,20,MaDC,97,y,y,n,,,,,,,,,,,,,,ø,,,
Panther,Medium,Beast,"Leopard, Cougar",Unaligned,,1/4,MM,333,n,n,n,,,,,,,x,x,x,,,,,,,,
Paper Drake,Small,Dragon,,Neutral,,2,ToB,154,n,n,n,,,,,,,,,,,,,,ø,,,
Paper Golem,Tiny,Construct,,Unaligned,,1/4,CC,204,n,n,n,,,,,,,,,,,,,,x,,,
Paper Golem Swarm,Medium,Construct,Swarm,Unaligned,,3,CC,204,n,n,n,,,,,,,,,,,,,,,,,
Pech,Small,Fey,,Neutral good,,1/4,FEF,181,y,n,n,,,,,,,,,,,,x,,,x,,
Pech,Small,Elemental,,Neutral good,,2,CC,294,n,n,n,,,,,,,,,,,,,,,,,
Pech Lithlord,Small,Elemental,,Neutral good,,7,CC,295,y,n,n,,,,,,,,,,,,,,,,,
Pech Stonemaster,Small,Elemental,,Neutral good,,4,CC,295,y,n,n,,,,,,,,,,,,,,,,,
Pegasus,Large,Celestial,,Chaotic good,,2,MM,250,n,n,n,,,,,,,x,x,x,,,,,,,,
Peluda Drake,Large,Dragon,Drake,Chaotic neutral,,3,CC,131,n,n,n,"Quill Regrowth, Spiky Hide","Bite, Tail, Quill, Breath Weapon",,,,,,,,,,,,,,,
Pentadrone,Large,Construct,Modron,Lawful neutral,,2,MM,226,n,n,n,,,,,,,,,,,,,,,ø,,
Peryton,Medium,Monstrosity,,Chaotic evil,,2,MM,251,n,n,n,,,,,,,,,x,x,,,,,,,
Pestie Mite,Small,Fey,,Lawful evil,,1/4,FEF,172,y,n,n,,,,,,,,,,,,x,,,,,
Phantom,Medium,Undead,,Any,,1,CC,296,n,n,n,,,,x,x,x,x,x,x,x,x,x,x,x,,,
Phantom Warrior,Medium,Undead,,Any Alignment,,3,CoS,235,n,n,n,,,,,ø,ø,ø,ø,ø,,ø,,,ø,,,
Pharblex Spattergoo,Medium,Humanoid,Bullywug,Chaotic evil,,3,HotDQ,91,y,n,n,,,,,,,,,,,,,,,,,
Phase Spider,Large,Monstrosity,,Unaligned,,3,MM,334,n,n,n,,,,,,x,x,x,x,,,x,,x,,,
Phelddagrif,Huge,Celestial,,Neutral good,,5,MaDC,161,n,n,n,,,,,ø,,ø,ø,,,,,,,,,
Philosopher's Ghost,Medium,Ooze,,Unaligned,,4,CC,297,n,n,n,,,,,,,,,,,,,,,,,
Phoenix,Gargantuan,Elemental,Elder elemental,Neutral,,16,MToF,199,n,y,n,,,,,,x,,,,x,,,,,,,
Phycomid,Small,Plant,Fungus,Neutral evil,,1/2,FEF,182,n,n,n,,,,,,,,,,,,x,,,,,
Piasa,Large,Dragon,Dragon,Unaligned,,6,CC,298,n,n,n,,,,,,,,,,,,,,,,,
Pidlwick II,Small,Construct,,Neutral evil,,1/4,CoS,236,n,n,n,,,,,,,,,,,,,,ø,,,
Piercer,Medium,Monstrosity,,Unaligned,,1/2,MM,252,n,n,n,,,,,,,,,,,,x,,,,,
Pillar of the Lost Magocracy,Huge,Construct,,Chaotic neutral,,4,CC,299,n,n,n,,,,,,,,,,,,,,,,,
Pirate Axe Thrower,Medium,Humanoid,,Any non-lawful,,2,MaDC,163,n,n,n,,,,,ø,,,,,,,,,ø,,,
Pirate Chain Swinger,Medium,Humanoid,,Any non-lawful,,3,MaDC,163,n,n,n,,,,,ø,,,,,,,,,ø,,,
Pishacha,Medium,Fiend,"Demon, Shapechanger",Chaotic evil,,3,CC,88,n,n,n,Shapechanger,"Multiattack, Bite, Claw, Demonic Possession, Invisibility",,,,,,,,,,,,,,,
Pit Fiend,Large,Fiend,Devil,Lawful evil,,20,MM,77,y,n,n,,,,,,,,,,,,,,,ø,,
Pixie,Tiny,Fey,,Neutral good,,1/4,MM,253,y,n,n,,,,,,,x,,,,,,,,,,
Pixiu,Large,Monstrosity,,Unaligned,,6,CC,300,n,n,n,,,,,,,,,,,,,,,,,
Planetar,Large,Celestial,,Lawful good,,16,MM,17,y,n,n,,,,,,,,,,,,,,,ø,,
Plaresh,Medium,Fiend,"Swarm, Demon",Chaotic evil,,3,CC,89,n,n,n,"Grinding Maws, Magic Resistance, Swarm","Bites, Infest Corpse",,,,,,,,,,,,,,,
Plesiosaurus,Large,Beast,Dinosaur,Unaligned,,2,MM,80,n,n,n,,,,,x,,,,,,,,x,,,,
Poisonous fire snake,Small,Fiend,,Unaligned,,1/2,FEF,102,n,n,n,,,,,,,x,,,,,,,,x,,
Poisonous Snake,Tiny,Beast,,Unaligned,,1/8,MM,334,n,n,n,,,,,x,x,x,x,x,,x,,,,,,
Polar Bear,Large,Beast,Cave Bear,Unaligned,,2,MM,334,n,n,n,,,,x,,,,,,,,x,,,,,
Pombero,Medium,Fey,,Chaotic neutral,,3,ToB,313,n,n,n,,,,,,,ø,,,,,,,ø,,,
Pony,Medium,Beast,,Unaligned,,1/8,MM,335,n,n,n,,,,,,,,,,,,,,x,,,
Possessed Pillar,Large,Construct,,Unaligned,,7,ToB,314,n,n,n,,,,,,ø,,,,,ø,,,,,,
Poultice Sliver,Large,Monstrosity,Sliver,Neutral evil,,3,MaDC,186,n,n,n,,,,,ø,,ø,ø,ø,ø,ø,ø,,,,,
Precognitive Mage,Medium,Humanoid,Any Race,Lawful neutral,,3,GGtR,228,y,n,n,,,,,,,,,,,,,,ø,,,
Preta,Medium,Undead,,Chaotic evil,,3,CC,223,n,n,n,,,,,,,,,,,,,,,,,
Priest,Medium,Humanoid,Any Race,Any alignment,,2,MM,348,y,n,n,,,,,,,,,,,,,,x,,,
Priest of Blight,Medium,Humanoid,,Chaotic evil,,8,MaDC,164,y,n,n,,,,,,,,,,,,ø,,,,,
Priestess Vampire,Medium,Undead,,Lawful evil,,8,CC,367,y,n,n,,,,,,,,,,,,,,,,,
Primeval Titan,Huge,Monstrosity,,Neutral,,10,MaDC,165,n,n,n,,,,,,,ø,,,,,,,,,,
Prismatic Beetle Swarm,Medium,Beast,Swarm,Unaligned,,3,ToB,375,n,n,n,,,,,,,,,,,ø,,,,,,
Pseudodragon,Tiny,Dragon,,Neutral good,,1/4,MM,254,n,n,n,,,,,x,x,x,,x,x,,,,x,,,
Psoglav,Large,Fiend,Demon,Chaotic evil,,7,ToB,79,y,n,n,,,,,,,,,,,,,,,ø,,
Pterafolk,Large,Monstrosity,,Neutral evil,,1,ToA,229,n,n,n,,,,,,,,,,,,,,,,,
Pteranodon,Medium,Beast,Dinosaur,Unaligned,,1/4,MM,80,n,n,n,,,,,x,,,x,,x,,,,,,,
Pumpkin King,Huge,Plant,,Unaligned,,13,MaDC,166,n,y,n,,,,,,,,,,,ø,ø,,,,,
Purple Slime,Large,Ooze,,Unaligned,,3,CC,307,n,n,n,,,,,,,,,,,,,,,,,
Purple Worm,Gargantuan,Monstrosity,,Unaligned,,15,MM,255,n,n,n,,,,,,x,,,,,,x,,,,,
Purple Wormling,Large,Monstrosity,,Unaligned,,2,SKT,242,n,n,n,,,,,,,,,,,,,,,,,
Pustuloid,Small,Fiend,Demon,Chaotic evil,,1,MaDC,167,n,n,n,,,,,,,,,,,,ø,,,ø,,
Putrid Haunt,Medium,Undead,,Neutral evil,,2,ToB,315,n,n,n,,,,,,,,,,,ø,,,,,,
Pyrolisk,Small,Monstrosity,,Neutral evil,,1/2,FEF,188,n,n,n,,,,,,x,,x,,,,x,,,,,
Qithukye,Medium,Aberration,,Neutral,,2,MaDC,168,n,n,n,,,,,,,,,,,,,,,ø,,
Quadricorn,Large,Monstrosity,,Neutral evil,,4,FEF,189,n,n,n,,,,,,,,x,x,,,,,,,,
Quadrone,Medium,Construct,Modron,Lawful neutral,,1,MM,226,n,n,n,,,,,,,,,,,,,,,ø,,
Quaggoth,Medium,Humanoid,Quaggoth,Chaotic neutral,,2,MM,256,n,n,n,,,,,,,,,,,,x,,,,,
Quaggoth Spore Servant,Medium,Plant,,Unaligned,,1,MM,230,n,n,n,,,,,,,,,,,,x,,,,,
Quaggoth Thonot,Medium,Humanoid,Quaggoth,Chaotic neutral,,3,MM,256,y,n,n,,,,,,,,,,,,x,,,,,
Quasit,Tiny,Fiend,"Shapechanger, Demon",Chaotic evil,,1,MM,63,n,n,n,,,,,,,,,,,,,,,ø,,
Queen Asria,Medium,Humanoid,Half-elf,Unaligned,,8,MaDC,100,n,n,n,,,,,,,,,,,,,,ø,,,
Queen of Birds,Large,Fey,"Shapechanger, Animal Lord",Chaotic neutral,,14,CC,30,y,y,y,,,,,,,,,,,,,,,,,
Queen of Cats,Large,Fey,"Shapechanger, Animal Lord",Chaotic neutral,,15,CC,32,y,y,y,,,,,,,,,,,,,,,,,
Queen of Serpents,Medium,Fey,"Shapechanger, Animal Lord",Lawful neutral,,12,CC,34,y,y,n,,,,,,,,,,,,,,,,,
Quetzalcoatlus,Huge,Beast,Dinosaur,Unaligned,,2,ToA,230,n,n,n,,,,,ø,,,,ø,ø,,,ø,,,,
Quetzalcoatlus,Huge,Beast,Dinosaur,Unaligned,,2,VGtM,140,n,n,n,,,,,x,,,,x,x,,,,,,,
Quickling,Tiny,Fey,,Chaotic evil,,1,VGtM,187,n,n,n,,,,,,,x,,,,,,,,,,
Quickstep,Small,Fey,,Neutral evil,,5,CC,308,n,n,n,,,,,,,,,,,,,,,,,
Quickwood,Huge,Plant,,Neutral,,8,FEF,190,n,n,n,,,,,,,x,,x,x,,,,,,,
Quiet Soul,Medium,Undead,,Neutral evil,,6,CC,309,n,n,n,,,,,,,,,,,,,,,,,
Quipper,Tiny,Beast,,Unaligned,,0,MM,335,n,n,n,,,,,,,,,,,,,x,,,,
Qwyllion,Medium,Fey,,Neutral evil,,8,ToB,316,n,n,n,,,,,,,,,,,,,,,,,
Qwyllion,Medium,Aberration,,Neutral evil,,8,ToB,316,n,n,n,,,,,,,ø,,,,ø,,,,,,
Rageipede,Small,Beast,,Unaligned,,2,CC,310,n,n,n,,,,,,,,,,,,,,,,,
Rahadin,Medium,Humanoid,Elf,Lawful evil,,10,CoS,237,y,n,n,,,,,,,,,,,,,,ø,,,
Raider's Worg,Large,Beast,,Unaligned,,2,MaDC,155,n,n,n,,,,ø,,,ø,ø,ø,ø,ø,ø,,,,,
Rakdos,Huge,Fiend,Demon,Chaotic evil,,24,GGtR,247,y,y,y,,,,,,,,,,,,ø,,,ø,,
Rakdos Lampooner,Medium,Humanoid,Any Race,Chaotic evil,,2,GGtR,248,y,n,n,,,,,,,,,,,,ø,,ø,,,
Rakdos Performer,Medium,Humanoid,Any Race,Chaotic evil,,1,GGtR,248,n,n,n,,,,,,,,,,,,ø,,ø,,,
Rakshasa,Medium,Fiend,,Lawful evil,,13,MM,257,y,n,n,,,,,,,,,,,,,,x,,,
Ramag,Medium,Humanoid,,Neutral,,1/4,ToB,317,n,n,n,,,,,,ø,,,,,,,,ø,,,
Ramag Portal Master,Medium,Humanoid,Ramag,Neutral,,5,CC,313,y,n,n,,,,,,,,,,,,,,,,,
Rangda,Large,Fiend,Demon Lord,Chaotic evil,,17,CC,78,y,y,y,"Legendary Resistance, Magic Resistance, Innate Spellcasting","Multiattack, Claw, Tongue Lash, Hypnotic Sway, Teleport",,,,,,,,,,,,,,,
Ras Nsi,Medium,Monstrosity,Shapechanger yuan-ti,Neutral evil,,7,ToA,230,y,n,n,,,,,,,,,,,,,,,,,
Rat,Tiny,Beast,,Unaligned,,0,MM,335,n,n,n,,,,,,,,,,,x,,,x,,,
Rat Hermit,Medium,Humanoid,,Any non-good,,3,MaDC,169,n,n,n,,,,,,,,,,,,,,ø,,,
Rat King,Medium,Monstrosity,,Chaotic evil,,5,ToB,318,n,n,n,,,,,,,,,,,,,,ø,,,
Ratatosk,Tiny,Celestial,,Chaotic neutral,,4,ToB,319,y,n,n,,,,,,,,,,,,,,,ø,,
Ratatosk Warlord,Small,Celestial,,Chaotic evil,,5,CC,314,n,n,n,,,,,,,,,,,,,,,,,
Ratfolk,Small,Humanoid,,Neutral,,1/4,ToB,320,n,n,n,,,,,,,ø,,,,,,,ø,,,
Ratfolk Mercenary,Small,Humanoid,Ratfolk,Neutral,,2,CC,315,n,n,n,,,,,,,,,,,,,,,,,
Ratfolk Rogue,Small,Humanoid,,Neutral,,1,ToB,320,n,n,n,,,,,,,,,,,,,,ø,,,
Ratfolk Warlock,Small,Humanoid,Ratfolk,Any,,1,CC,316,y,n,n,,,,,,,,,,,,x,,x,,,
Rath Modar,Medium,Humanoid,Human,Lawful evil,,6,HotDQ,92,y,n,n,,,,,,,,,,,,,,,,,
Rath Modar,Medium,Humanoid,Human,Lawful evil,,6,RoT,91,y,n,n,,,,,,,,,,,,,,,,,
Rathar,Large,Monstrosity,,Unaligned,,8,MaDC,170,n,n,n,,,,,,,,,,,,ø,,,,,
Rattok,Small,Fiend,Demon,Chaotic evil,,4,CC,90,n,n,n,"Bottled Soul, Fire Dancer, Magic Resistance","Multiattack, Bite, Claws, Necrotic Rush",,,,,,,,,,,,,,,
Raven,Tiny,Beast,,Unaligned,,0,MM,335,n,n,n,,,,,,,,,,,x,,,x,,,
Ravenala,Large,Plant,,Unaligned,,5,ToB,321,y,n,n,,,,,ø,,,,,,ø,,,,,,
Ravenfolk Doom Croaker,Medium,Humanoid,Kenku,Neutral,,5,ToB,324,y,n,n,,,,,,,,,,,,,,ø,,,
Ravenfolk Scout,Medium,Humanoid,Kenku,Neutral,,1/2,ToB,322,n,n,n,,,,,,,ø,,,,,,,ø,,,
Ravenfolk Warrior,Medium,Humanoid,Kenku,Neutral,,3,ToB,323,n,n,n,,,,,,,ø,,,,,,,ø,,,
Razerblast,Medium,Humanoid,Human,Chaotic evil,,5,PotA,201,n,n,n,,,,,,,,,,,,,,,,,
Razorleaf,Medium,Plant,,Neutral evil,,5,CC,317,n,n,n,,,,,,,,,,,,,,,,,
Reckoner,Medium,Humanoid,Any Race,Lawful good,,4,GGtR,231,y,n,n,,,,,,,,,,,,,,ø,,,
Red Abishai,Medium,Fiend,Devil,Lawful evil,,19,MToF,162,n,n,n,,,,,,,,,,x,,,,x,ø,,
Red dracolisk,Large,Dragon,,Unaligned,,7,FEF,85,n,n,n,,,,,,,,,,x,,x,,,,,
Red Dragon Wyrmling,Medium,Dragon,,Chaotic evil,,4,MM,98,n,n,n,,,,,,,,,x,x,,,,,,,
Red Hag,Medium,Fey,Hag,Neutral evil,,7,ToB,244,y,n,n,,,,,ø,,ø,,,,,ø,,,,,
Red jester,Medium,Undead,,Chaotic neutral,,5,FEF,192,n,n,n,,,,x,x,x,x,x,x,x,x,x,,x,,,
Red Slaad,Large,Aberration,,Chaotic neutral,,5,MM,276,n,n,n,,,,,,,,,,,,,,,ø,,
Red-Banded Line,Tiny,Beast,Spider,Unaligned,,1/4,ToB,363,n,n,n,,,,,,,ø,,,,ø,,,ø,,,
Redbrand Ruffian,Medium,Humanoid,Human,Neutral evil,,1/2,LMoP,61,n,n,n,,,,,,,,,,,,,,,,,
Redcap,Medium,Fey,,Neutral evil,,6,ToB,325,n,n,n,,,,,,,ø,,,,,,,ø,,,
Redcap,Small,Fey,,Chaotic evil,,3,VGtM,188,n,n,n,,,,,,,x,,x,,x,,,,,,
Reef Shark,Medium,Beast,,Unaligned,,1/2,MM,336,n,n,n,,,,,,,,,,,,,x,,,,
Remallia Haventree,Medium,Humanoid,Elf,Chaotic good,,9,WDH,214,y,n,n,,,,,,,,,,,,,,ø,,,
Remorhaz,Huge,Monstrosity,,Unaligned,,11,MM,258,n,n,n,,,,x,,,,,,,,,,,,,
Retriever,Large,Construct,,Lawful evil,,14,MToF,222,y,n,n,,,,,,x,,,,,,x,,,,,
Revenant,Medium,Undead,,Neutral,,5,MM,259,n,n,n,,,,x,,x,x,,x,,x,,,x,,,
"Reynard, Fey Lord",Medium,Fey,Shapechanger,Chaotic neutral,,12,CC,156,n,y,y,"Legendary Resistance, Magic Weapon, Shapechanger","Multiattack, Bite, Rapier, Invisibility",Evade,,,,,,,,,,,,,,
Rezmir,Medium,Humanoid,Half-Black Dragon,Neutral evil,,7,HotDQ,93,n,y,n,,,,,,,,,,,,,,,,,
Rhinoceros,Large,Beast,,Unaligned,,2,MM,336,n,n,n,,,,,,,,x,,,,,,,,,
Rictavio,Medium,Humanoid,Human,Lawful good,,5,CoS,238,y,n,n,,,,,,,,,,,,,,ø,,,
Riding Horse,Large,Beast,,Unaligned,,1/4,MM,336,n,n,n,,,,,,,,x,,,,,,x,,,
Rift Swine,Large,Aberration,,Chaotic neutral,,5,ToB,326,n,n,n,,,,,,,,,,,,,,,ø,,
Rime Worm Grub,Medium,Elemental,,Neutral,,1,ToB,327,n,n,n,,,,,,,,,,,,,,,,,
Rimewing ,Small,Beast,Giant Moth,Unaligned,,1/4,CC,178,n,n,n,Antennae,"Proboscis, Frosted Wings",,x,,,x,,,,,,,,,,
Ring Servant,Large,Construct,,Neutral,,8,CC,318,n,n,n,,,,,,,,,,,,,,,,,
Risen Reaver,Large,Undead,,Chaotic evil,,7,ToB,328,n,n,n,,,,,,,,,,,ø,ø,,ø,,,
Roach,Medium,Monstrosity,,Unaligned,,4,MaDC,171,n,n,n,,,,,,,,,,ø,,ø,,,,,
Roachling Lord,Small,Humanoid,,Chaotic neutral,,2,ToB,329,n,n,n,,,,,,,,ø,ø,,,ø,,ø,,,
Roachling Scout,Small,Humanoid,Roachling,Chaotic neutral,,2,CC,319,n,n,n,,,,,,,,,,,,,,,,,
Roachling Skirmisher,Small,Humanoid,,Chaotic neutral,,1/4,ToB,329,n,n,n,,,,,,,,,,,ø,ø,,ø,,,
Roc,Gargantuan,Monstrosity,,Unaligned,,11,MM,260,n,n,n,,,,x,x,x,,,x,x,,,,,,,
Rock Troll,Large,Giant,,Chaotic evil,,5,MaDC,209,n,n,n,,,,,,,,,,ø,,,,,,,
Roggenwolf,Medium,Monstrosity,,Neutral evil,,2,CC,320,n,n,n,,,,,,,,,,,,,,,,,
Ronus,Medium,Monstrosity,,Unaligned,,1/4,FEF,193,n,n,n,,,,,,,x,,,,,,,,,,
Roper,Large,Monstrosity,,Neutral evil,,5,MM,261,n,n,n,,,,,,,,,,,,x,,,,,
Rot Troll,Large,Giant,,Chaotic evil,,9,MToF,244,n,n,n,,,,,,x,x,,,,x,x,,,,,
Rotting Wind,Large,Undead,,Neutral evil,,6,ToB,330,n,n,n,,,,,ø,,ø,,ø,,,,,,,,
Rubblebelt Stalker,Medium,humanoid,Any Race,Chaotic neutral,,1/2,GGtR,239,n,n,n,,,,,,,ø,ø,ø,,,,,ø,,,
Rubezahl,Medium,Fiend,Demon,Chaotic evil,,10,ToB,80,y,n,n,,,,,,,,,,,,,,,ø,,
Ruby Ooze,Medium,Ooze,,Unaligned,,6,CC,286,n,n,n,,,,,,,,,,,,,,,,,
Rug of Smothering,Large,Construct,,Unaligned,,2,MM,20,n,n,n,,,,,,,,,,,,,,ø,,,
Ruin,Large,Fiend,,Neutral evil,,15,MaDC,129,n,n,n,,,,,,,,,,,,,,,ø,,
Rum Gremlin,Tiny,Fey,,Chaotic evil,,1/2,ToB,239,y,n,n,,,,,,,,,,,,,,ø,,,
Rusalka,Medium,Fey,,Neutral evil,,4,MaDC,172,n,n,n,,,,,ø,,ø,ø,,,,,,,,,
Rusalka,Medium,Undead,,Chaotic evil,,6,ToB,331,y,n,n,,,,,,ø,,ø,ø,,,,,ø,,,
Russet mold,Medium,Plant,Fungus,Unaligned,,1/2,FEF,194,n,n,n,,,,,,,,,,,,x,,,,,
Rust Drake,Medium,Dragon,,Chaotic evil,,8,ToB,155,n,n,n,,,,,,,,,,ø,,ø,,,,,
Rust Monster,Medium,Monstrosity,,Unaligned,,1/2,MM,262,n,n,n,,,,,,,,,,,,x,,,,,
Rutterkin,Medium,Fiend,Demon,Chaotic evil,,2,MToF,136,n,n,n,,,,,,,,,,,,,,,ø,,
Ryven,Medium,Humanoid,,Neutral,,1,FEF,195,n,n,n,,,,,,,x,,,,,,,,,,
Saber-Toothed Tiger,Large,Beast,,Unaligned,,2,MM,336,n,n,n,,,,x,,,,,,x,,,,,,,
Sacred Statue,Large,Construct,Eidolon,As the eidolon's alignment,,12,MToF,194,n,n,n,,,,,x,x,x,x,,x,,,,x,,,
Sacred Stone Monk,Medium,Humanoid,Human,Lawful evil,,1/2,PotA,196,n,n,n,,,,,,,,,,,,,,,,,
Sahuagin,Medium,Humanoid,Sahuagin,Lawful evil,,1/2,MM,263,n,n,n,,,,,x,,,,,,,,x,,,,
Sahuagin Baron,Large,Humanoid,Sahuagin,Lawful evil,,5,MM,264,n,n,n,,,,,x,,,,,,,,x,,,,
Sahuagin Priestess,Medium,Humanoid,Sahuagin,Lawful evil,,2,MM,264,y,n,n,,,,,x,,,,,,,,x,,,,
Salamander,Large,Elemental,,Neutral evil,,5,MM,266,n,n,n,,,,,,,,,,,,x,,,,,
Salt Devil,Medium,Fiend,Devil,Lawful evil,,6,ToB,113,y,n,n,,,,,,,,,,,,,,,ø,,
Salt Golem,Large,Construct,,Unaligned,,10,ToB,235,n,n,n,,,,,ø,ø,,,,,,ø,,ø,,,
Sammael,Medium,Celestial,Angel,Neutral good,,7,CC,19,n,n,n,,,,,,,,,,,,,,,,,
Sand Hag,Medium,Fey,Hag,Chaotic evil,,5,ToB,245,y,n,n,,,,,,ø,,,,,,,,,,,
Sand Silhouette,Medium,Undead,,Neutral evil,,6,ToB,332,n,n,n,,,,,,,ø,,,,ø,,,,,,
Sand Spider,Large,Beast,Spider,Unaligned,,7,ToB,364,n,n,n,,,,,,ø,,,,,,ø,,,,,
Sandling,Large,Elemental,,Unaligned,,1,FEF,196,n,n,n,,,,,,,,,,,,,,,x,,
Sandman,Medium,Celestial,,Chaotic neutral,,5,ToB,333,y,n,n,,,,,,ø,,,,,,,,,,,
Sandwyrm,Large,Dragon,,Unaligned,,6,ToB,334,n,n,n,,,,,,ø,,,,,,,,,,,
Sane,Medium,Humanoid,Half-elf,Unaligned,,11,MaDC,96,y,y,n,,,,,,,,,,,,,,ø,,,
Sap Demon,Small,Ooze,,Chaotic evil,,4,ToB,335,n,n,n,,,,,,,ø,,,,ø,,,,,,
Sarcophagus Slime,Medium,Undead,,Neutral evil,,5,ToB,336,n,n,n,,,,,,,,,,,,ø,,,,,
Sathaq Worm,Huge,Elemental,,Neutral evil,,10,ToB,337,n,n,n,,,,,,ø,,,,,,ø,,,,,
Satyr,Medium,Fey,,Chaotic neutral,,1/2,MM,267,n,n,n,,,,,,,x,,,,,,,,,,
Savage Orc,Medium,Humanoid,Orc,Chaotic evil,,1,MaDC,156,n,n,n,,,,ø,,,ø,ø,ø,ø,ø,ø,,,,,
Savager,Large,Beast,,Neutral evil,,8,ToB,338,n,n,n,,,,,,,ø,,,,,,,,,,
Scaladar,Huge,Construct,,Unaligned,,8,WDotMM,315,n,n,n,,,,,,,,,,,,ø,,,,,
Scarecrow,Medium,Construct,,Chaotic evil,,1,MM,268,n,n,n,,,,,,,,x,,,,,,,,,
Scheznyki,Small,Fey,,Chaotic evil,,6,ToB,339,y,n,n,,,,,,,,,,,,ø,,,,,
Scitalis,Large,Monstrosity,,Unaligned,,2,CC,321,n,n,n,,,,,,,,,,,,,,,,,
Scopikis,Large,Monstrosity,,Chaotic evil,,6,MaDC,173,n,n,n,,,,,,ø,,,,,,,,,,,
Scorchbringer Guard,Medium,Humanoid,Any Race,Chaotic neutral,,1/2,GGtR,243,n,n,n,,,,,,,,,,,,,,ø,,,
Scorpion,Tiny,Beast,,Unaligned,,0,MM,337,n,n,n,,,,,,x,,,,,,,,,,,
Scorpion Assassin,Medium,Humanoid,,Neutral evil,,8,CC,405,y,n,n,,,,,,,,,,,,,,,,,
Scorpion Cultist,Medium,Humanoid,,Neutral,,1/2,ToB,425,n,n,n,,,,,,ø,,,,ø,,ø,,ø,,,
Scourge,Small,Monstrosity,,Unaligned,,3,MaDC,175,n,n,n,,,,,,,,,,,ø,ø,,,,,
Scout,Medium,Humanoid,Any Race,Any alignment,,1/2,MM,349,n,n,n,,,,x,x,x,,x,x,x,x,x,,,,,
Screaming devilkin,Small,Fiend,,Lawful evil,,1/4,FEF,197,n,n,n,,,,x,x,x,x,x,x,x,x,x,,x,,,
Screecher,Large,Monstrosity,,Neutral,,2,MaDC,174,n,n,n,,,,,,ø,,,,,,,,,,,
Scythe tree,Huge,Plant,,Chaotic evil,,5,FEF,198,n,n,n,,,,,,,x,,,,,,,,,,
Sea Dragon Wyrmling,Medium,Dragon,,Neutral evil,,2,ToB,136,n,n,n,,,,,,,,,,,,,ø,,,,
Sea Hag,Medium,Fey,Hag,Chaotic evil,,2,MM,179,y,n,n,,,,,x,,,,,,,,x,,,,
Sea Horse,Tiny,Beast,,Unaligned,,0,MM,337,n,n,n,,,,,,,,,,,,,x,,,,
Sea Lion,Large,Monstrosity,,Unaligned,,5,TftYP,242,n,n,n,,,,,,,,,,,,,,,,,
Sea Spawn,Medium,Humanoid,,Chaotic evil,,1,VGtM,189,n,n,n,,,,,x,,,,,,,,x,,,,
Selachian,Large,Humanoid,Selechian,Any chaotic,,8,MaDC,176,n,n,n,,,,ø,ø,,,,,,,,ø,ø,,,
Selang,Medium,Fey,,Chaotic evil,,4,ToB,341,y,n,n,,,,,,,ø,,,,ø,,,,,,
Sentinel in Darkness,Large,Construct,,Unaligned,,7,CC,323,n,n,n,,,,,,,,,,,,,,,,,
Sepulchral guardian,Medium,Construct,,Unaligned,,3,FEF,206,n,n,n,,,,x,x,x,x,x,x,x,x,x,,x,,,
Sergeant,Medium,Humanoid,Human,Unaligned,,3,MaDC,91,n,n,n,,,,,,,,,,,,,,ø,,,
Serpentfolk of Yig,Medium,Humanoid,,Neutral evil,,1,CC,324,y,n,n,,,,,,,,,,,,,,x,,,
Serpentine Lamia,Medium,Monstrosity,,Neutral evil,,1,CC,248,n,n,n,,,,,,,x,,,x,,,,x,,,
Serpopard,Large,Beast,,Unaligned,,4,ToB,342,n,n,n,,,,,,ø,,,,,ø,,,,,,
Servant of the Vine,Medium,Humanoid,Elf,Chaotic neutral,,6,CC,144,y,n,n,"Fey Ancestry, Inspire Artistry, Spellcasting","Multiattack, Drunken Slash, Stuporous Breath",,,,,,,,,,,,,,,
Servant of Yig,Medium,Aberration,,Neutral evil,,4,CC,325,y,n,n,,,,,,,,,,,,,,,,,
Servitor Thrull,Small,Construct,,Unaligned,,1/4,GGtR,221,n,n,n,,,,,,,,,,,,,,ø,,,
Severin,Medium,Humanoid,Human,Neutral evil,,11,RoT,92,n,y,n,,,,,,,,,,,,,,,,,
Shabti,Medium,Construct,,Unaligned,,8,ToB,343,n,n,n,,,,,,ø,,,,,ø,,,,,,
Shadhavar,Large,Monstrosity,,Neutral,,2,ToB,344,y,n,n,,,,,,,,,,,,,,,,,
Shadow,Medium,Undead,,Chaotic evil,,1/2,MM,269,n,n,n,,,,,,,,,,,,x,,x,,,
Shadow Assassin,Medium,Undead,,Chaotic evil,,9,WDotMM,316,n,n,n,,,,,,,,,,,,ø,,,,,
Shadow Beast,Medium,Fey,,Chaotic evil,,7,ToB,345,y,n,n,,,,,,,,,,,,,,,ø,,
Shadow Blight,Small,Plant,,Neutral evil,,1,CC,326,n,n,n,,,,x,,,x,,,,,,,,,,
Shadow Dancer,Medium,Humanoid,"Elf, Shadar-Kai",Neutral,,7,MToF,225,y,n,n,,,,,,,x,,,,,x,,x,,,
Shadow Demon,Medium,Fiend,Demon,Chaotic evil,,4,MM,64,n,n,n,,,,,,,,,,,,,,,ø,,
Shadow Fey Ambassador,Medium,Humanoid,Elf,Lawful evil,,9,CC,145,n,n,n,"Fey Ancestry, Shadow Traveler, Sunlight Sensitive, Traveler in Darkness","Multiattack, Rapier, Honeyed Words, Withering Stare",,,,,,,,,,,,,,,
Shadow Fey Elves,Medium,Humanoid,Elf,Lawful evil,,1/4,ToB,171,y,n,n,,,,,,,,,,,,ø,,,ø,,
Shadow Fey Knight of the Road,Medium,Humanoid,Elf,Lawful evil,,5,CC,146,n,n,n,"Fey Ancestry, Keen Sight, Obscure the Way, Shadow Traveler, Sunlight Sensitive, Traveler in Darkness","Multiattack, Longsword, Lance, Shortbow",,,,,,,,,,,,,,,
Shadow Fey Pattern Dancer,Medium,Humanoid,Elf,Chaotic evil,,2,CC,147,y,n,n,"Fey Ancestry, Shadow Traveler, Sunlight Sensitive, Traveler in Darkness, Spellcasting","Shortsword, Longbow",,,,,,,,,,,,,,,
Shadow Fey Poisoner,Medium,Humanoid,Elf,Neutral,,11,CC,148,n,n,n,"Assassinate, Born of Shadows, Evasion, Fey Ancestry, Shadow Traveler, Sneack Attack, Sunlight Sensitivity, Traveler in Darkness","Multiattack, Shortsword, Longbow",,,,,,,,,,,,,,,
Shadow Goblin,Small,Humanoid,Goblinoid,Neutral evil,,1/2,CC,191,n,n,n,"Nimble Escape, Shadow Camouflage, Sunlight Sensitivity, Traveler in Darkness, Unseelie Blessing","Multiattack, Kitchen Knife",Vengeful Jinx,,,,,,,,,x,,,,,
Shadow Horror,Large,Aberration,,Neutral evil,,9,GGtR,205,n,n,n,,,,,,,,,,,,ø,,ø,,,
Shadow mastiff,Medium,Fiend,Monstrosity,Chaotic neutral,,1/2,FEF,207,n,n,n,,,,x,x,x,x,x,x,x,x,x,,x,,,
Shadow Mastiff,Medium,Monstrosity,,Neutral evil,,2,VGtM,190,n,n,n,,,,,,,x,,x,,x,,,,,,
Shadow Ooze,Medium,Ooze,,Unaligned,,3,CC,287,n,n,n,,,,,,,,,,,,,,,,,
Shadow rat,Tiny,Undead,,Unaligned,,0,FEF,191,n,n,n,,,,x,x,x,x,x,x,x,x,x,,x,,,
Shadow River Lord,Medium,Undead,,Neutral evil,,9,CC,327,n,n,n,,,,,,,,,,,,,,,,,
Shadow Skeleton,Medium,Undead,,Neutral evil,,2,CC,342,n,n,n,,,,,,,,,,,,,,,,,
Shadow Troll,Large,Giant,,Chaotic evil,,7,MaDC,210,n,n,n,,,,,,,,,,,,ø,,,ø,,
Shambling Mound,Large,Plant,,Unaligned,,5,MM,270,n,n,n,,,,,,,x,,,,,,,,,,
Shantak,Large,Monstrosity,,Lawful evil,,5,CC,328,n,n,n,,,,,,,,,,,,,,,,,
Shard Swarm,Medium,Construct,Swarm,Unaligned,,1/2,CC,329,n,n,n,,,,x,x,x,x,x,x,x,x,x,x,x,,,
Sharkjaw Skeleton,Large,Undead,,Lawful evil,,1,ToB,350,n,n,n,,,,,ø,,,,,,,,ø,,,,
Sharwyn Hucrele,Medium,Humanoid,,Neutral evil,,1/2,TftYP,242,y,n,n,,,,,,,,,,,,,,,,,
Shellycoat,Medium,Fey,,Neutral evil,,2,ToB,346,y,n,n,,,,ø,ø,,,,,,ø,,ø,,,,
Shield Guardian,Large,Construct,,Unaligned,,7,MM,271,n,n,n,,,,,,,,,,,,,,x,,,
Shipbreaker sea serpent,Gargantuan,Dragon,Aquatic,Chaotic neutral,,20,FEF,202,n,y,n,,,,,,,,,,,,,x,,,,
Shippei-Tao,Large,Giant,,Chaotic neutral,,2,MaDC,177,n,n,n,,,,,ø,ø,ø,ø,ø,ø,ø,,,,,,
Shoalar Quanderil,Medium,Humanoid,Water Genasi,Lawful evil,,4,PotA,208,y,n,n,,,,,,,,,,,,,,,,,
Shockwing,Small,Beast,Giant Moth,Unaligned,,1,CC,179,n,n,n,"Antennae, Charged","Multiattack, Proboscis, Fulminating Wings",,,,,x,x,,,,,,,,,
Shoggoth,Huge,Aberration,,Unaligned,,16,MaDC,178,n,y,n,,,,,,,,,,,,,,,ø,,
Shoggoth,Huge,Aberration,,Chaotic neutral,,19,ToB,347,n,n,n,,,,,,,,,,,,,,,ø,,
Shoosuva,Large,Fiend,Demon,Chaotic evil,,8,VGtM,137,n,n,n,,,,x,,,x,x,x,,,,,,,,
Shoreline Scrapper,Large,Beast,,Unaligned,,4,CC,330,n,n,n,,,,,,,,,,,,,,,,,
Shrieker,Medium,Plant,,Unaligned,,0,MM,138,n,n,n,,,,,,,,,,,,x,,,,,
Shroom,Small,Plant,Fungus,Chaotic evil,,4,FEF,209,y,n,y,,,,,,,x,,,,x,x,,,,,
Shroud,Medium,Undead,,Neutral evil,,1/8,ToB,348,n,n,n,,,,,,,,,,,,,,ø,,,
Sibriex,Huge,Fiend,Demon,Chaotic evil,,18,MToF,137,y,y,n,,,,,,,,,,,,x,,,ø,,
Sigilian,Medium,Construct,,Unaligned,,2,CC,335,n,n,n,,,,,,,,,,,,,,,,,
Sildar Hallwinter,Medium,Humanoid,Human,Neutral good,,1,LMoP,61,n,n,n,,,,,,,,,,,,,,,,,
Silver Dragon Wyrmling,Medium,Dragon,,Lawful good,,2,MM,118,n,n,n,,,,,,,,,,x,,,,x,,,
Silver Knight,Medium,Humanoid,,Lawful neutral,,6,MaDC,180,n,n,n,,,,,,,,,,,,,,ø,,,
Silverpaw Dog,Medium,Fey,,Unaligned,,1,MaDC,183,n,n,n,,,,,ø,,ø,ø,ø,,,,,ø,,,
Silverpaw Paladin,Small,Humanoid,Halfling,Lawful good,,4,MaDC,183,y,n,n,,,,,ø,,ø,ø,ø,,,,,ø,,,
Simhamukha,Huge,Celestial,Dakini,Chaotic good,,8,CC,70,y,n,n,"Magic Weapons, Magic Resistance, Smite, Innate Spellcasting","Multiattack, Bite, Kartika, Staff Sweep, Weird",,,,,,,,,,,,,,,
Simurg,Gargantuan,Celestial,,Neutral good,,5,CC,339,y,n,n,,,,,,,,,,,,,,,,,
Sir Breaford,Medium,Humanoid,Human,Neutral evil,,1/2,TftYP,243,n,n,n,,,,,,,,,,,,,,,,,
"Sir Redar, Knight of the Secret Oath",Medium,Undead,,Lawful evil,,6,MaDC,181,y,n,n,,,,,,,,,,,,,,ø,,,
Sire of Insanity,Huge,Fiend,Demon,Chaotic evil,,12,GGtR,197,y,n,n,,,,,,,,,,,,ø,,ø,ø,,
Sire of Stagnation,Gargantuan,Aberration,Eldrazi,Chaotic evil,,17,MaDC,179,n,n,n,,,,,,,,,,,,,,,ø,,
Siren,Medium,Fey,,Chaotic good,,3,TftYP,243,y,n,n,,,,,,,,,,,,,,,,,
Skeemo Weirdbottle,Small,Humanoid,Gnome,Neutral evil,,6,WDH,200,y,n,n,,,,,,,,,,,,,,ø,,,
Skein Witch,Medium,Celestial,,Neutral,,12,ToB,349,n,n,n,,,,,,,,,,,,,,,ø,,
Skeletal Titan,Gargantuan,Undead,,Lawful evil,,15,MaDC,182,n,n,n,,,,,,ø,,,,,,,,,,,
Skeleton,Medium,Undead,,Lawful evil,,1/4,LMoP,62,n,n,n,,,,,,,,,,,,,,ø,,,
Skeleton,Medium,Undead,,Lawful evil,,1/4,MM,272,n,n,n,,,,,,,,,,,,,,x,,,
Skeleton warrior,Medium,Undead,,Neutral evil,,14,FEF,210,n,y,n,,,,x,x,x,x,x,x,x,x,x,,x,,,
Skelzi,Medium,Humanoid,,Chaotic evil,,1,FEF,213,n,n,n,,,,x,x,x,x,x,x,x,x,x,,x,,,
Skin Bat,Small,Fiend,,Neutral evil,,1/2,ToB,87,n,n,n,,,,,,,,,,,,,,,ø,,
Skitterhaunt,Large,Ooze,,Unaligned,,4,ToB,352,n,n,n,,,,ø,,,ø,,ø,ø,ø,ø,,,,,
Skittering Horror,Huge,Aberration,,Neutral evil,,15,GGtR,205,n,n,n,,,,,,,,,,,,ø,,ø,,,
Skulk,Medium,Humanoid,,Chaotic neutral,,1/2,FEF,214,n,n,n,,,,x,x,x,x,x,x,x,x,x,,x,,,
Skulk,Medium,Humanoid,,Chaotic neutral,,1/2,MToF,227,n,n,n,,,,,x,,x,,,,x,,,,,,
Skull Drake,Medium,Dragon,Drake,Neutral,,3,CC,132,n,n,n,"Keen Smell, Sunlight Sensitivity","Multiattack,Bite, Necrotic Breath",,,,,,,,,,,,,,,
Skull Lantern,Tiny,Undead,,Unaligned,,1/4,CC,343,n,n,n,,,,x,x,x,x,x,x,x,x,x,x,x,,,
Skull Lord,Medium,Undead,,Lawful evil,,15,MToF,230,y,y,n,,,,,,x,,,,,x,x,,,,,
Skyjek Roc,Large,Monstrosity,,Unaligned,,2,GGtR,219,n,n,n,,,,,,,,,,,,,,ø,,,
Skyswimmer,Gargantuan,Monstrosity,,Unaligned,,13,GGtR,220,n,n,n,,,,,,,,,,,,,,ø,,,
Skyweaver,Medium,Humanoid,Human,Chaotic evil,,3,PotA,191,y,n,n,,,,,,,,,,,,,,,,,
Slaad Tadpole,Tiny,Aberration,,Chaotic neutral,,1/8,MM,276,n,n,n,,,,,,,,,,,,,,,ø,,
Sleipnir,Large,Monstrosity,,Neutral good,,5,CC,344,n,n,n,,,,,,,,,,,,,,,,,
Slithering tracker,Small,Ooze,Medium size,Unaligned,,1,FEF,215,n,n,n,,,,x,x,x,x,x,x,x,x,x,,x,,,
Slithering Tracker,Medium,Ooze,,Chaotic evil,,3,VGtM,191,n,n,n,,,,,,,,,,,,x,,x,,,
Sliver,Medium,Monstrosity,Sliver,Neutral evil,,1/2,MaDC,182,n,n,n,,,,,ø,,ø,ø,ø,ø,ø,ø,,,,,
Sliver Queen,Huge,Monstrosity,Sliver,Neutral evil,,13,MaDC,188,n,y,n,,,,,ø,,ø,ø,ø,ø,ø,ø,,,,,
Slow Storm,Huge,Elemental,,Chaotic neutral,,15,ToB,353,y,n,n,,,,,ø,ø,,ø,,,,,,,ø,,
Sluagh Swarm,Medium,Fey,Swarm,Chaotic evil,,3,ToB,376,n,n,n,,,,ø,,,,,,,,ø,,,,,
Smaragdine Golem,Large,Construct,,Unaligned,,14,ToB,236,n,n,n,,,,,,,,,,,,ø,,,,,
Smoke Mephit,Small,Elemental,,Neutral evil,,1/4,MM,217,y,n,n,,,,,,,,,,,,,,x,,,
Smolder Souleater,Medium,Fiend,Demon,Chaotic evil,,8,MaDC,190,n,n,n,,,,,,,,,,,,,,,ø,,
Snow Cat,Medium,Beast,,Unaligned,,1/4,CC,346,n,n,n,,,,x,,,x,,,,,,,,,,
Snow Hag,Medium,Fey,,Neutral evil,,3,CC,214,y,n,n,,,,,,,,,,,,,,,,,
Snow leopard,Medium,Beast,,Unaligned,,1/4,FEF,163,n,n,n,,,,x,,,x,x,,x,,,,,,,
Snow Spider,Large,Beast,Spider,Unaligned,,3,MaDC,191,n,n,n,,,,ø,,,,,,,,,,,,,
Solar,Large,Celestial,,Lawful good,,21,MM,18,y,y,n,,,,,,,,,,,,,,,ø,,
Soldier,Medium,Humanoid,Any Race,Any alignment,,1/2,GGtR,226,n,n,n,,,,,,,,,,,,,,ø,,,
Son of Fenris,Huge,Monstrosity,,Chaotic evil,,12,ToB,355,y,n,n,,,,ø,,,,,,,,,,,,,
Song Angel,Large,Celestial,Angel,Lawful good,,6,CC,20,y,n,n,,,,,,,,,,,,,,,,,
Sootwing,Small,Beast,Giant Moth,Unaligned,,1/4,CC,179,n,n,n,Antennae,"Proboscis, Sooty Wings",,,,,,x,,x,,,,,,,
Sooze,Medium,Aberration,Shoth,Lawful neutral,,1/2,CC,334,n,n,n,,,,,,,,,,,,,,x,,,
Soul Eater,Medium,Fiend,,Neutral evil,,7,ToB,356,n,n,n,,,,,,,,,,,,,,,ø,,
Soul Monger,Medium,Humanoid,"Elf, Shadar-Kai",Neutral,,11,MToF,226,n,n,n,,,,,,,,,,,,x,,x,,,
Soul reaper,Large,Undead,,Neutral evil,,16,FEF,216,y,n,n,,,,x,x,x,x,x,x,x,x,x,,x,,,
Spark,Tiny,Elemental,,Chaotic neutral,,7,ToB,357,y,n,n,,,,,,,,,,,,,,,ø,,
Spawn of Akyishigal,Medium,Fiend,,Chaotic evil,,5,ToB,83,n,n,n,,,,,,,,,,,,,,,ø,,
Spawn of Arbeyach,Medium,Fiend,,Lawful evil,,5,ToB,97,y,n,n,,,,,ø,ø,,,,,,,,,,,
Spawn of Chernobog,Large,Fiend,,Chaotic evil,,4,CC,347,n,n,n,,,,,,,,,,,,,,,,,
Spawn of Kyuss,Medium,Undead,,Chaotic evil,,5,VGtM,192,n,n,n,,,,,,x,,,,,,x,,,,,
Spawn of Parzelon,Medium,Fiend,Devil,Lawful evil,,5,CC,102,y,n,n,"Devil's SIght, Keen Smell, Magic Resistance, Pack Tactics, Pounce, Innate Spellcasting","Multiattack, Bite Claw, Tranquil Roar",,,,,,,,,,,,,,,
Spectator,Medium,Aberration,Beholder,Lawful neutral,,3,LMoP,62,n,n,n,,,,,,,,,,,,ø,,ø,,,
Spectator,Medium,Aberration,Beholder,Lawful neutral,,3,MM,30,n,n,n,,,,,,,,,,,,ø,,ø,,,
Specter,Medium,Undead,,Chaotic evil,,1,MM,279,n,n,n,,,,,,,,,,,,x,,x,,,
Specter (poltergeist),Medium,Undead,,Chaotic evil,,2,MM,279,n,n,n,,,,,,,,,,,,x,,x,,,
Spectral Guardian,Medium,Undead,,Neutral evil,,6,ToB,358,n,n,n,,,,,,,,,,,,,,ø,,,
Spectral troll,Large,Undead,,Chaotic evil,,4,FEF,234,n,n,n,,,,x,x,x,x,x,x,x,x,x,,x,,,
Spellskite,Large,Construct,,Unaligned,,5,MaDC,192,n,n,n,,,,,,,,,,,,,,ø,,,
Sperman,Medium,Humanoid,Human,Unaligned,,1/4,MaDC,89,n,n,n,,,,,,,,,,,,,,ø,,,
Spider,Tiny,Beast,,Unaligned,,0,MM,337,n,n,n,,,,,,ø,ø,ø,ø,ø,ø,ø,,ø,,,
Spider Drake,Large,Dragon,Drake,Lawful evil,,9,CC,133,n,n,n,Sticky Secretions,"Multiattack, Bite Claw, Posion Breath, Web",,,,,,,,,,,,,,,
Spider of Leng,Large,Aberration,,Chaotic evil,,7,ToB,365,y,n,n,,,,,,,,,,,,,,,ø,,
Spider Skull,Tiny,Undead,,Neutral evil,,1/2,MaDC,193,n,n,n,,,,,,,,,,,,ø,,,,,
Spider Thief,Small,Construct,,Unaligned,,2,ToB,366,n,n,n,,,,,,,,,,,,,,ø,,,
Spined Devil,Small,Fiend,Devil,Lawful evil,,2,MM,78,n,n,n,,,,,,,,,,,,,,,ø,,
Spinosaurus,Gargantuan,Beast,Dinosaur,Unaligned,,13,ToB,116,n,y,n,,,,,ø,,ø,,,,ø,,,,,,
Spire Walker,Tiny,Fey,,Chaotic neutral,,3,ToB,367,n,n,n,,,,,,,,,,,,,,ø,,,
Spirit,Medium,Undead,,Any alignment,,1/2,MaDC,194,n,n,n,,,,,,,,,,,,ø,,ø,,,
Spirit Lamp,Medium,Undead,,Chaotic evil,,7,CC,349,n,n,n,,,,,,,,,,,,,,,,,
Spirit Naga,Large,Monstrosity,,Chaotic evil,,8,MM,234,y,n,n,,,,,,,,,,,,x,,,,,
Spirit Troll,Large,Giant,,Chaotic evil,,11,MToF,244,n,n,n,,,,,x,,x,,,,x,x,,,,,
Spitting sea serpent,Large,Dragon,Aquatic,Chaotic evil,,5,FEF,204,n,n,n,,,,,,,,,,,,,x,,,,
Spitting Sliver,Large,Monstrosity,Sliver,Neutral evil,,2,MaDC,187,n,n,n,,,,,ø,,ø,ø,ø,ø,ø,ø,,,,,
Spree,Small,Fiend,Demon,Chaotic evil,,5,CC,91,n,n,n,"Frothing Rage, Spree Madness","Multiattack, Claw",,,,,,,,,,,,,,,
Spring Eladrin,Medium,Fey,Elf,Chaotic neutral,,10,MToF,196,y,n,n,,,,,,,x,x,,,,,,,,,
Sprite,Tiny,Fey,,Neutral good,,1/4,MM,283,n,n,n,,,,,,,x,,,,,,,,,,
Spy,Medium,Humanoid,Any Race,Any alignment,,1,MM,349,n,n,n,,,,,,,,,,,,,,x,,,
Stahnk (Undead Beast),Huge,Undead,,Neutral evil,,7,MaDC,195,n,n,n,,,,ø,ø,ø,ø,ø,ø,ø,ø,,,,,,
Star Drake,Large,Dragon,,Neutral,,15,ToB,156,y,y,n,,,,,,,,,,,,,,,ø,,
Star Spawn Grue,Small,Aberration,,Neutral evil,,1/4,MToF,234,n,n,n,,,,,,,,,,x,,x,,,,,
Star Spawn Hulk,Large,Aberration,,Neutral evil,,10,MToF,234,n,n,n,,,,,,,,,,x,,x,,,,,
Star Spawn Larva Mage,Medium,Aberration,,Neutral evil,,16,MToF,235,y,y,n,,,,,,,,,,x,,x,,,,,
Star Spawn Mangler,Medium,Aberration,,Neutral evil,,5,MToF,236,n,n,n,,,,,,,,,,x,,x,,,,,
Star Spawn Seer,Medium,Aberration,,Neutral evil,,13,MToF,236,n,n,n,,,,,,,,,,x,,x,,,,,
Star Vampire,Large,Aberration,,Chaotic evil,,4,MaDC,196,n,n,n,,,,,,,,,,,,,,,ø,,
Star-Spawn of Cthulhu,Large,Fiend,,Chaotic evil,,15,ToB,368,n,n,n,,,,,,,,,,,,,,,ø,,
Steam Golem,Large,Construct,,Unaligned,,13,ToB,237,n,n,n,,,,,,,,,,,,,,ø,,,
Steam Mephit,Small,Elemental,,Neutral evil,,1/4,MM,217,y,n,n,,,,,,,,,,,,,x,,,,
Steel Predator,Large,Construct,,Lawful evil,,16,MToF,239,y,n,n,,,,,,,,,,,,,,x,,,
Stegocentipede,Huge,Beast,,Unaligned,,4,FEF,217,n,n,n,,,,,,,x,,,,,x,,,,,
Stegosaurus,Huge,Beast,Dinosaur,Unaligned,,4,ToA,231,n,n,n,,,,,,,ø,ø,,,,,,,,,
Stegosaurus,Huge,Beast,Dinosaur,Unaligned,,4,VGtM,140,n,n,n,,,,,,,x,x,,,,,,,,,
Stirge,Tiny,Beast,,Unaligned,,1/8,LMoP,62,n,n,n,,,,,ø,ø,ø,ø,ø,ø,ø,ø,,,,,
Stirge,Tiny,Beast,,Unaligned,,1/8,MM,284,n,n,n,,,,,x,x,x,x,x,x,x,x,,x,,,
Stone Cursed,Medium,Construct,,Lawful evil,,1,MToF,240,n,n,n,,,,,,x,,,,x,,,,x,,,
Stone Defender,Medium,Construct,,Unaligned,,4,MToF,126,n,n,n,,,,,,,x,x,x,x,,,,,,,
Stone Giant,Huge,Giant,Stone Giant,Neutral,,7,MM,156,n,n,n,,,,,,,,,x,x,,x,,,,,
Stone Giant Dreamwalker,Huge,Giant,Stone Giant,Chaotic neutral,,10,VGtM,150,n,n,n,,,,,x,,,,x,x,,,,,,,
Stone Golem,Large,Construct,,Unaligned,,10,MM,170,n,n,n,,,,ø,ø,ø,ø,ø,ø,ø,ø,ø,ø,ø,ø,,
Stone guardian golem,Medium,Construct,,Unaligned,,2,FEF,128,n,n,n,,,,x,x,x,x,x,x,x,x,x,,x,,,
Stone Juggernaut,Large,Construct,,Unaligned,,12,ToA,231,n,n,n,,,,,,,,,,,,,,,,,
Stone Strix,Huge,Monstrosity,,Unaligned,,8,MaDC,197,n,n,n,,,,,,,ø,,ø,ø,,,,,,,
Stonemelder,Medium,Humanoid,Human,Neutral evil,,4,PotA,197,y,n,n,,,,,,,,,,,,,,,,,
Storm Giant,Huge,Giant,Storm Giant,Chaotic good,,13,MM,156,y,n,n,,,,,x,,,,,,,,x,,,,
Storm Giant Quintessent,Huge,Giant,Storm Giant,Chaotic good,,16,VGtM,151,y,y,y,,,,x,x,x,,,,x,,,x,,,,
Storm Lord Elemental,Huge,Elemental,,Neutral,,13,CC,139,n,n,n,Tempest,"Multiattack, Slam, Lightning Bolt, Thunder Clap",,,,,,,,,,,,,,,
Storm Spirit,Medium,Elemental,,Neutral,,1/2,CC,350,n,n,n,,,,x,x,x,x,x,x,x,x,x,x,x,,,
Strahd Von Zarovich,Medium,Undead,Shapechanger,Lawful evil,,15,CoS,240,y,y,y,,,,,,,,,,,,,,ø,,,
Strahd Zombie,Medium,Undead,,Unaligned,,1,CoS,241,n,n,n,,,,,,,,,,,,,,ø,,,
Strahd's Animated Armor,Medium,Construct,,Lawful evil,,6,CoS,227,n,n,n,,,,,,,,,,,,,,ø,,,
Strangle weed,Large,Plant,Aquatic,Unaligned,,2,FEF,218,n,n,n,,,,,x,,,,,,x,x,x,,,,
Stryx,Tiny,Monstrosity,,Neutral,,1/8,ToB,369,y,n,n,,,,,,,ø,,,,,,,,,,
Stuhac,Medium,Fiend,,Neutral evil,,13,ToB,370,n,n,n,,,,,,,,,,,,,,,ø,,
Stygian Fat-Tailed Scorpion,Tiny,Beast,,Unaligned,,3,ToB,340,n,n,n,,,,,,ø,,,,,,ø,,,,,
Stygian skeleton,Medium,Undead,,Chaotic evil,,7,FEF,212,n,n,n,,,,,,,,,,,,x,,,,,
Su-Monster,Medium,Monstrosity,,Chaotic evil,,1,ToA,232,n,n,n,,,,,,,,,,,,,,,,,
Subek,Large,Humanoid,,Lawful neutral,,5,ToB,371,n,n,n,,,,,,,ø,,,,ø,,,,,,
Succubus,Medium,Fiend,Shapechanger,Neutral evil,,4,MM,285,n,n,n,,,,,,,,,,,,,,x,,,
Summer Eladrin,Medium,Fey,Elf,Chaotic neutral,,10,MToF,196,n,n,n,,,,,,x,x,,,,,,,,,,
Sunder Shaman,Huge,Giant,,Chaotic neutral,,10,GGtR,202,n,n,n,,,,,,,ø,ø,ø,,,,,ø,,,
Sunset Raptor,Medium,Monstrosity,,Unaligned,,1,CC,351,n,n,n,,,,,,,x,x,,,,,,,,,
Suppurating Ooze,Medium,Ooze,,Unaligned,,1,CC,288,n,n,n,,,,,,,,,,,,x,,x,,,
Suturefly,Tiny,Beast,,Unaligned,,1/4,ToB,372,n,n,n,,,,,,,ø,,,,ø,,,,,,
Svirfneblin,Small,Humanoid,Deep Gnome,Neutral good,,1/2,MM,164,y,n,n,,,,,,,,,,,,x,,,,,
Swamp Adder,Small,Beast,,Unaligned,,1/4,ToB,354,n,n,n,,,,,,,,,,,ø,,,,,,
Swarm of Bats,Medium,Beast,,Unaligned,,1/4,MM,337,n,n,n,,,,,,,,,x,x,,,,x,,,
Swarm of centipedes,Medium,Beast,Swarm,Unaligned,,1/2,FEF,52,n,n,n,,,,,,x,x,x,x,,x,,,x,,,
Swarm of Cranium Rats,Medium,Beast,Swarm,Lawful evil,,5,VGtM,133,y,n,n,,,,,,,,,,,,x,,x,,,
Swarm of Insects,Medium,Beast,,Unaligned,,1/2,MM,338,n,n,n,,,,,,x,x,x,x,,x,x,,x,,,
Swarm of Poisonous Snakes,Medium,Beast,,Unaligned,,2,MM,338,n,n,n,,,,,,,x,,,,x,,,,,,
Swarm of Quippers,Medium,Beast,,Unaligned,,1,MM,338,n,n,n,,,,,,,,,,,,,x,,,,
Swarm of Rats,Medium,Beast,,Unaligned,,1/4,MM,339,n,n,n,,,,,,,,,,,x,,,x,,,
Swarm of Ravens,Medium,Beast,,Unaligned,,1/4,MM,339,n,n,n,,,,,,,x,,x,,x,,,x,,,
Swarm of Rot Grubs,Medium,Beast,Swarm,Unaligned,,1/2,VGtM,208,n,n,n,,,,,,,,,,,x,x,,,,,
Swarm of Squirrels,Medium,Beast,Swarm,Unaligned,,2,MaDC,198,n,n,n,,,,,,,ø,,,,,,,,,,
Swashbuckler,Medium,Humanoid,Any Race,Any non-lawful,,3,VGtM,217,n,n,n,,,,,x,,,,,,,,,x,,,
Swashbuckler,Medium,Humanoid,Any Race,Any non-lawful,,3,WDH,216,n,n,n,,,,,,,,,,,,,,ø,,,
Swolbold,Medium,Humanoid,Kobold,Chaotic neutral,,3,CC,240,n,n,n,,,,,,,,,,,,,,,,,
Sword Wraith Commander,Medium,Undead,,Lawful evil,,8,MToF,241,n,n,n,,,,,,,,x,,,x,,,,,,
Sword Wraith Warrior,Medium,Undead,,Lawful evil,,3,MToF,241,n,n,n,,,,,,,,x,,,x,,,,,,
Sylvan Stalker,Medium,Plant,,Neutral,,8,MaDC,199,n,n,n,,,,,,,ø,,,,,,,,,,
Tabaxi,Medium,Humanoid,,Chaotic neutral,,1/2,FEF,219,n,n,n,,,,,,,x,,,,x,,,,,,
Tabaxi Hunter,Medium,Humanoid,Tabaxi,Chaotic good,,1,ToA,232,n,n,n,,,,,,,,,,,,,,,,,
Tabaxi Minstrel,Medium,Humanoid,Tabaxi,Chaotic good,,1/4,ToA,233,n,n,n,,,,,,,,,,,,,,,,,
Taer,Medium,Humanoid,,Neutral,,1,FEF,220,n,n,n,,,,x,,,,,,x,,,,,,,
Tai Feng,Medium,Humanoid,Half-orc,Unaligned,,18,MaDC,98,n,n,n,,,,,,,,,,,,,,ø,,,
Talis The White,Medium,Humanoid,Half-Elf,Lawful evil,,5,HotDQ,93,y,n,n,,,,,,,,,,,,,,,,,
Tanarukk,Medium,Fiend,"Demon, Orc",Chaotic evil,,5,VGtM,186,n,n,n,,,,,,,,,x,x,,x,,,,,
Tangtal,Medium,Monstrosity,,Neutral evil,,1,FEF,221,n,n,n,,,,,,,x,x,,,,,,,,,
Tar Ghoul,Medium,Undead,Ghoul,Neutral evil,,4,CC,176,n,n,n,Fire Hazard,"Multiattack, Bite, Claw, Vomit Tar",,,,,,,,,,,,,,,
Tarrasque,Gargantuan,Monstrosity,Titan,Unaligned,,30,MM,286,n,y,n,,,,,,,,,,,,,,x,,,
Tarul Var,Medium,Undead,,Neutral evil,,13,TftYP,244,y,y,n,,,,,,,,,,,,,,,,,
Tashlyn Yafeera,Medium,Humanoid,Human,Neutral,,9,WDH,200,n,n,n,,,,,,,,,,,,,,ø,,,
Tazelwurm,Large,Monstrosity,,Unaligned,,2,FEF,222,n,n,n,,,,,,,,,x,x,,,,,,,
Technothug,Medium,Humanoid,,Chaotic neutral,,1/2,MaDC,201,n,n,n,,,,,,,,,,,,,,ø,,,
Tecuziztecatl,Large,Monstrosity,,Neutral,,4,TftYP,245,n,n,n,,,,,,,,,,,,,,,,,
Temple Dog,Medium,Celestial,,Any good,,5,ToB,378,n,n,n,,,,ø,,,,,,ø,,,,,,,
Temporal crawler,Medium,Aberration,,Neutral evil,,2,FEF,223,n,n,n,,,,x,x,x,x,x,x,x,x,x,,x,,,
Tendriculos,Large,Plant,,Unaligned,,4,FEF,224,n,n,n,,,,,,,x,x,x,,,,,,,,
Tendril Puppet,Medium,Plant,,Lawful neutral,,2,ToB,403,n,n,n,,,,,,,ø,,,,ø,,,,,,
Tentacled horror,Huge,Aberration,,Chaotic evil,,11,FEF,225,n,y,n,,,,,,,,,,,,x,,,,,
Tentaghoul,Large,Undead,,Chaotic evil,,3,MaDC,202,n,n,n,,,,,,,,,,,ø,ø,,,ø,,
Teratashia,Large,Fiend,Demon,Chaotic evil,,15,FEF,80,y,n,n,,,,,,,,,,,,,,,x,,
Terror Bird,Large,Beast,,Unaligned,,2,CC,352,n,n,n,,,,,,,,,,,,,,,,,
Thalasskoptis,Large,Fiend,Demon,Chaotic evil,,10,FEF,81,y,y,n,,,,,x,,,,,,x,,x,,x,,
Thayan Apprentice,Medium,Humanoid,,Any non-good,,2,TftYP,245,y,n,n,,,,,,,,,,,,,,,,,
Thayan Warrior,Medium,Humanoid,,Any non-good,,2,TftYP,246,n,n,n,,,,,,,,,,,,,,,,,
The Angry,Medium,Monstrosity,Sorrowsworn,Neutral evil,,13,MToF,231,n,n,n,,,,,,,,,,,,x,,x,,,
The Barbed,Small,Humanoid,Kobold,Lawful evil,,1,CC,263,n,n,n,,,,,,x,,,,,,,,,,,
The Hungry,Medium,Monstrosity,Sorrowsworn,Neutral evil,,11,MToF,232,n,n,n,,,,,,,x,,,,,x,,x,,,
The Lonely,Medium,Monstrosity,Sorrowsworn,Neutral evil,,9,MToF,232,n,n,n,,,,,x,x,,,,x,,x,,x,,,
The Lost,Medium,Monstrosity,Sorrowsworn,Neutral evil,,7,MToF,233,n,n,n,,,,x,,x,x,,,x,x,x,,x,,,
The Pudding King,Small,Humanoid,"Gnome, Shapechanger",Chaotic evil,,4,OotA,233,y,n,n,,,,,,,,,,,,,,,,,
The Wretched,Small,Monstrosity,Sorrowsworn,Neutral evil,,1/4,MToF,233,n,n,n,,,,,,,,,,,x,x,,x,,,
Theullai,Huge,Elemental,,Chaotic neutral,,10,ToB,379,n,n,n,,,,ø,,,,,,ø,,,,,,,
Thief Lord,Medium,Humanoid,,Lawful evil,,8,CC,406,n,n,n,,,,,,,,,,,,,,,,,
Thorn Slinger,Large,Plant,,Unaligned,,1/2,TftYP,246,n,n,n,,,,,,,ø,,,,,,,,,,
Thorned Sulfurlord,Huge,Fiend,Planar Flora,Chaotic evil,,11,CC,306,n,n,n,,,,,,,,,,,,,,,,,
Thorny,Medium,Plant,,Neutral,,1,ToA,233,n,n,n,,,,,,,ø,,,,ø,,,,,,
Thorny,Medium,Plant,,Neutral,,1,VGtM,197,n,n,n,,,,,,,x,,,,x,,,,,,
Thought Spy,Medium,Humanoid,Any Race,Neutral evil,,1,GGtR,233,y,n,n,,,,,,,,,,,,ø,,ø,,,
Thread-Bound Constrictor Snake,Huge,Construct,,Unaligned,,3,CC,353,n,n,n,,,,,,,,,,,,,,,,,
Three-headed Clockwork Dragon,Huge,Construct,Dragon,Unaligned,,14,CC,112,n,n,n,"Bound, Immutable Form, MAgic Resistance, Siege Monster","Multiattack, Bite, Fist, Fire Breath, Oil Spray, Tail Sweep",,,,,,,,,,,,,,,
Three-Headed Cobra,Large,Monstrosity,,Unaligned,,5,CC,354,n,n,n,,,,,,,,,,,,,,,,,
Thri-Kreen,Medium,Humanoid,Thri-Kreen,Chaotic neutral,,1,MM,288,n,n,n,,,,,,x,,x,,,,,,,,,
Thug,Medium,Humanoid,Any Race,Any non-good,,1/2,MM,350,n,n,n,,,,,,,,,,,,,,x,,,
Thurl Merosska,Medium,Humanoid,Human,Lawful evil,,3,PotA,192,y,n,n,,,,,,,,,,,,,,,,,
Thursir Giant,Large,Giant,,Chaotic evil,,3,ToB,227,n,n,n,,,,ø,,,,,,ø,,ø,,,,,
Tiamat,Gargantuan,Fiend,,Chaotic evil,,30,RoT,92,y,y,n,,,,,,,,,,,,,,,ø,,
Tiger,Large,Beast,,Unaligned,,1,MM,339,n,n,n,,,,,,,x,x,,,,,,,,,
Timeless Chronomancer,Medium,Humanoid,Construct,Neutral,,14,MaDC,20,y,n,n,,,,,,,,,,,,,,ø,ø,,
Titanoboa,Gargantuan,Beast,,Unaligned,,12,ToB,382,n,n,n,,,,,,,,,,,ø,,,,,,
Titivilus,Medium,Fiend,"Devil, Archdevil",Lawful evil,,16,MToF,179,y,y,n,,,,,,,,,,,,,,,ø,,
Tlincalli,Large,Monstrosity,,Neutral evil,,5,VGtM,193,n,n,n,,,,,,x,,,,,,,,,,,
Tophet,Huge,Construct,,Neutral evil,,8,ToB,283,n,n,n,,,,,,ø,,,,,,,,,,,
Tortle,Medium,Humanoid,Tortle,Lawful good,,1/4,MToF,242,n,n,n,,,,,x,,,,,,,,,,,,
Tortle Druid,Medium,Humanoid,Tortle,Lawful good,,2,MToF,242,n,n,n,,,,,x,,,,,,,,,,,,
Tosculi Drone,Small,Monstrosity,,Lawful evil,,1/2,ToB,386,n,n,n,,,,,,,,,,,,,,,,,
Tosculi Elite Bow Raider,Medium,Monstrosity,,Lawful evil,,5,ToB,386,n,n,n,,,,,,,,,,,,,,,,,
Tosculi Hive Queen,Large,Monstrosity,,Lawful evil,,12,ToB,385,n,y,y,,,,,,,,,,,,,,,,,
Tosculi Jeweled Drone,Small,Humanoid,Tosculi,Lawful evil,,4,CC,355,n,n,n,,,,,,,,,,,,,,,,,
Tosculi Warrior,Small,Monstrosity,,Lawful evil,,2,ToB,386,n,n,n,,,,,,,,,,,,,,,,,
"Totivillus, Scribe of Hell",Medium,Fiend,Devil,Lawful evil,,24,ToB,101,y,y,n,,,,,,,,,,,,,,,ø,,
Transmuter,Medium,Humanoid,,Any alignment,,5,TftYP,247,y,n,n,,,,,,,,,,,,,,,,,
Transmuter,Medium,Humanoid,Any Race,Any alignment,,5,VGtM,218,y,n,n,,,,,,,,,,,,,,x,,,
Trapper,Large,Monstrosity,,Unaligned,,3,VGtM,194,n,n,n,,,,,,,,,,,,,,,,,
Treacle,Tiny,Ooze,,Unaligned,,1/4,ToB,387,n,n,n,,,,,,,,,,ø,ø,ø,,,,,
Treant,Huge,Plant,,Chaotic good,,9,MM,289,n,n,n,,,,,,,x,,,,,,,,,,
Tree Blight,Huge,Plant,,Neutral evil,,7,CoS,230,n,n,n,,,,,,,,,,,ø,,,,,,
Tressym,Tiny,Beast,,Chaotic neutral,,0,SKT,242,n,n,n,,,,,,,,,,,,,,,,,
Tri-flower frond,Medium,Plant,,Unaligned,,1/2,FEF,232,n,n,n,,,,,,,x,,x,,x,,,,,,
Tri-Flower Frond,Medium,Plant,,Neutral,,1/2,ToA,234,n,n,n,,,,,,,,,,,,,,,,,
Tribal Warrior,Medium,Humanoid,Any Race,Any alignment,,1/8,MM,350,n,n,n,,,,x,x,x,x,x,x,x,x,x,,,,,
Triceratops,Huge,Beast,Dinosaur,Unaligned,,5,MM,80,n,n,n,,,,,,,,x,,,,,,,,,
Tridrone,Medium,Construct,Modron,Lawful neutral,,1/2,MM,225,n,n,n,,,,,,,,,,,,,,,ø,,
Troglodyte,Medium,Humanoid,Troglodyte,Chaotic evil,,1/4,MM,290,n,n,n,,,,,,,,,,,,x,,,,,
Troglodyte Champion of Laogzed,Medium,Humanoid,Troglodyte,Chaotic evil,,3,OotA,229,n,n,n,,,,,,,,,,,,,,,,,
Troll,Large,Giant,,Chaotic evil,,5,MM,291,n,n,n,,,,x,,,x,,x,x,x,x,,,,,
Troll Boar,Large,Monstrosity,,Chaotic evil,,3,MaDC,211,n,n,n,,,,,,,ø,,,,,,,,,,
Troll Runt,Medium,Giant,Troll,Neutral evil,,4,MaDC,143,n,n,n,,,,ø,,,ø,ø,ø,ø,ø,ø,,,,,
Trollkin Grunt,Medium,Humanoid,Trollkin,Neutral,,2,CC,357,n,n,n,,,,,,,,,,,,,,,,,
Trollkin Reaver,Medium,Humanoid,,Neutral,,4,ToB,390,n,n,n,,,,ø,,,ø,,,ø,,,,,,,
Trollkin Shaman,Medium,Humanoid,Trollkin,Neutral,,4,CC,357,y,n,n,,,,,,,,,,,,,,,,,
Trostani,Large,Fey,,Neutral good,,18,GGtR,252,y,y,n,,,,,,,ø,,,,,,,,,,
Truesong Dancer,Medium,Humanoid,Any Race,Chaotic neutral,,3,MaDC,216,n,n,n,,,,,,,,,,,,,,ø,,,
Truesong Dirge,Medium,Humanoid,Any Race,Chaotic neutral,,5,MaDC,216,n,n,n,,,,,,,,,,,,,,ø,,,
Tulpa,Medium,Undead,,Neutral,,4,CC,358,n,n,n,,,,,,,,,,,,,,,,,
Tunnel prawn,Small,Beast,,Unaligned,,1/8,FEF,236,n,n,n,,,,,,,,,,,,x,,,,,
Tunnel worm,Huge,Monstrosity,,Unaligned,,8,FEF,237,n,n,n,,,,,,,,,,,,x,,,,,
Tusk Giant,Large,Giant,,Chaotic evil,,4,MaDC,217,n,n,n,,,,ø,,,,,ø,ø,,,,,,,
Tuskaloth,Gargantuan,Beast,,Unaligned,,10,MaDC,218,n,n,n,,,,ø,,,,,,,,,,,,,
Tusked Crimson Ogre,Large,Giant,,Chaotic evil,,5,CC,279,n,n,n,,,,,,,,,,,,,,,,,
Tusked Skyfish,Large,Aberration,,Lawful good,,4,ToB,391,n,n,n,,,,,ø,,,,,ø,,,,,,,
Tveirherjar,Medium,Undead,,Lawful evil,,7,CC,359,n,n,n,,,,,,,,,,,,,,,,,
Twig Blight,Small,Plant,,Neutral evil,,1/8,LMoP,63,n,n,n,,,,,,,ø,,,,,,,,,,
Twig Blight,Small,Plant,,Neutral evil,,1/8,MM,32,n,n,n,,,,,,,x,,,,,,,,,,
Two-Headed Eagle,Huge,Monstrosity,,Unaligned,,7,CC,360,n,n,n,,,,,,,,,,,,,,,,,
Two-headed troll,Large,Giant,,Chaotic evil,,6,FEF,235,n,n,n,,,,,,,,,x,x,,x,,,,,
Typhon,Gargantuan,Fiend,Demon Lord,Chaotic evil,,22,CC,80,y,y,y,"Legendary Resistance, Magic Resistance, Magic Weapons,  Innate Spellcasting","Multiattack. Snake Bites, Tail, Enthralling Touch",,,,,,,,,,,,,,,
Tyrannosaurus Rex,Huge,Beast,Dinosaur,Unaligned,,8,MM,80,n,n,n,,,,,,,,x,,,,,,,,,
Tyrannosaurus Zombie,Huge,Undead,Dinosaur,Unaligned,,8,ToA,241,n,n,n,,,,,,,ø,ø,,,ø,,,,,,
"Ulamog, the Ceaseless Hunger",Colossal,Aberration,Titan,Chaotic evil,,30,MaDC,219,y,y,n,,,,,,,,,,,,,,,ø,,
Ulitharid,Large,Aberration,,Lawful evil,,9,VGtM,175,y,n,n,,,,,,,,,,,,x,,,,,
Ulitharid,Large,Aberration,,Lawful evil,,9,WDotMM,316,y,n,n,,,,,,,,,,,,ø,,,,,
Ultralisk,Gargantuan,Monstrosity,,Unaligned,,23,MaDC,220,n,y,n,,,,,,,,,,ø,,ø,,,,,
Ultroloth,Medium,Fiend,Yugoloth,Neutral evil,,13,MM,314,y,n,n,,,,,,,,,,,,,,,ø,,
Umber Hulk,Large,Monstrosity,,Chaotic evil,,5,MM,292,n,n,n,,,,,,,,,,,,x,,,,,
Umbral,Medium,Fiend,Vampire,Chaotic evil,,7,ToB,397,y,n,n,,,,,,,,,,,,,,ø,ø,,
Undead Phoenix,Huge,Undead,,Chaotic evil,,12,CC,361,n,n,n,,,,,,,,,,,,,,,,,
Undead Sharkenbear,Huge,Undead,,Unaligned,,5,MaDC,221,n,n,n,,,,,,,ø,,ø,,,,ø,,,,
Undead Warchief,Large,Undead,,Lawful evil,,12,MaDC,222,n,n,n,,,,,,,,,,,,ø,,ø,,,
Undercity Medusa,Medium,Monstrosity,,Neutral evil,,6,GGtR,222,y,n,n,,,,,,,,,,,,ø,,ø,,,
Undine,Medium,Fey,Shapechanger,Chaotic neutral,,5,CC,362,y,n,n,,,,,,,,,,,,,,,,,
Unhatched,Small,Undead,,Chaotic evil,,4,CC,363,n,n,n,,,,,,,,,,,,,,,,,
Unicorn,Large,Celestial,,Lawful good,,5,MM,294,y,y,y,,,,,,,x,,,,,,,,,,
Uraeus,Tiny,Celestial,,Lawful neutral,,2,ToB,392,n,n,n,,,,,,,,,,,,,,,ø,,
Urochar (strangling Watcher),Huge,Aberration,,Chaotic evil,,17,ToB,393,y,y,n,,,,,,,,,,,,ø,,,,,
Ursa Polaris,Large,Monstrosity,,Neutral evil,,7,CC,364,n,n,n,,,,,,,,,,,,,,,,,
Ushabti,Large,Construct,,Unaligned,,9,ToB,394,n,n,n,,,,,,ø,,,,,,,,,,,
Uthgardt Shaman,Medium,Humanoid,Human,Neutral evil,,2,SKT,243,y,n,n,,,,,,,,,,,,,,,,,
Vaettir,Medium,Undead,,Lawful evil,,4,ToB,395,y,n,n,,,,ø,ø,,,,,ø,,,ø,,,,
Valkyrie,Medium,Celestial,,Neutral,,11,ToB,396,y,y,n,,,,,,,,,,,,,,,ø,,
Vampire,Medium,Undead,"Shapechanger, Vampire",Lawful evil,,13,MM,297,n,y,y,,,,,,,,,,,,,,x,,,
Vampire (spellcaster),Medium,Undead,"Shapechanger, Vampire",Lawful evil,,15,MM,297,y,y,y,,,,,,,,,,,,,,x,,,
Vampire (warrior),Medium,Undead,"Shapechanger, Vampire",Lawful evil,,15,MM,297,n,y,y,,,,,,,,,,,,,,x,,,
Vampire Patrician,Medium,Undead,,Lawful evil,,10,CC,365,n,n,n,,,,,,,,,,,,,,,,,
Vampire rose,Small,Plant,,Unaligned,,1/4,FEF,238,n,n,n,,,,,,,x,x,x,,,,,,,,
Vampire Spawn,Medium,Undead,"Shapechanger, Vampire",Neutral evil,,5,MM,298,n,n,n,,,,,,,,,,,,x,,x,,,
Vampire Warlock,Medium,Humanoid,Any race,Neutral,,7,ToB,245,y,n,n,,,,,,,,,,,,,,ø,,,
Vampiric Ixitxachitl,Medium,Aberration,,Chaotic evil,,2,OotA,226,n,n,n,,,,,,,,,,,,,,ø,,,
Vampiric Ixitxachitl Cleric,Medium,Aberration,,Chaotic evil,,2,OotA,226,y,n,n,,,,,,,,,,,,,,ø,,,
Vampiric Knight,Medium,Undead,,Neutral evil,,11,CC,389,n,n,n,,,,,,,,,,,,,,,,,
Vampiric Mist,Medium,Undead,,Chaotic evil,,3,MToF,246,n,n,n,,,,x,x,,x,x,,x,x,x,,x,,,
Vampiric Mist,Medium,Undead,,Chaotic evil,,3,TftYP,247,n,n,n,,,,ø,ø,,ø,ø,,ø,ø,ø,,ø,,,
Vanara,Medium,Humanoid,Simian,Neutral good,,2,CC,338,n,n,n,,,,,,,,,,,,,,,,,
Vanifer,Medium,Humanoid,Tiefling,Neutral evil,,9,PotA,203,y,n,n,,,,,,,,,,,,,,,,,
Vanifer (with Lair Actions),Medium,Humanoid,Tiefling,Neutral evil,,12,PotA,203,y,n,y,,,,,,,,,,,,,,ø,,,
Vapor Lynx,Large,Monstrosity,,Chaotic neutral,,5,ToB,398,y,n,n,,,,,,,,,,,,,,,,,
Vargouille,Tiny,Fiend,,Chaotic evil,,1,VGtM,195,n,n,n,,,,,,x,,,,,x,x,,,,,
Varjra Safahr,Medium,Humanoid,Human,Lawful neutral,,13,WDH,217,y,n,n,,,,,,,,,,,,,,ø,,,
Vegepygmy,Small,Plant,,Neutral,,1/4,ToA,234,n,n,n,,,,,,,ø,,,,ø,,,,,,
Vegepygmy,Small,Plant,,Neutral,,1/4,VGtM,196,n,n,n,,,,,,,x,,,,x,,,,,,
Vegepygmy chief,Medium,Plant,Fungus,Unaligned,,3,FEF,239,n,n,n,,,,,,,x,,,,x,x,,,,,
Vegepygmy Chief,Small,Plant,,Neutral,,2,ToA,235,n,n,n,,,,,,,ø,,,,ø,,,,,,
Vegepygmy Chief,Small,Plant,,Neutral,,2,VGtM,197,n,n,n,,,,,,,x,,,,x,,,,,,
Vegepygmy commoner/worker,Small,Plant,Fungus,Unaligned,,1/8,FEF,239,n,n,n,,,,,,,x,,,,x,x,,,,,
Vegepygmy guard,Small,Plant,Fungus,Unaligned,,1/2,FEF,239,n,n,n,,,,,,,x,,,,x,x,,,,,
Vellso,Medium,Fiend,Demon,Chaotic evil,,7,CC,92,n,n,n,"Keen Smell, Magic Resistance, Magic Weapons, Spider Climb","Multiattack, Bite, Claws",,,,,,,,,,,,,,,
Velociraptor,Tiny,Beast,Dinosaur,Unaligned,,1/4,ToA,235,n,n,n,,,,,,,ø,ø,,,,,,,,,
Velociraptor,Tiny,Beast,Dinosaur,Unaligned,,1/4,VGtM,140,n,n,n,,,,,,,x,x,,,,,,,,,
Venom Elemental,Large,Elemental,,Neutral,,4,CC,140,n,n,n,"Liquid Form, Underwater Camouflage","Multiattack, Bite",,,,,,,,,,,,,,,
Venom Maw Hydra,Huge,Monstrosity,,Unaligned,,12,CC,370,n,y,n,,,,,,,,,,,,,,,,,
Venom Troll,Large,Giant,,Chaotic evil,,5,MaDC,212,n,n,n,,,,,,,,,,,ø,ø,,,,,
Venom Troll,Large,Giant,,Chaotic evil,,7,MToF,245,n,n,n,,,,,,,x,,,,x,x,,,,,
Venomous Mummy,Medium,Undead,Mummy,Lawful evil,,3,ToB,299,n,n,n,,,,,,ø,,,,,ø,,,,,,
Verdalin,Small,Fey,,Neutral,,1/2,MaDC,223,y,n,n,,,,,,,ø,ø,,,,,,,,,
Vesiculosa,Gargantuan,Plant,,Unaligned,,11,ToB,399,n,n,n,,,,,,ø,,,,,,,,,,,
Veteran,Medium,Humanoid,Any Race,Any alignment,,3,MM,350,n,n,n,,,,x,x,,x,x,x,x,,x,,x,,,
Vicious blood hawk,Small,Monstrosity,,Unaligned,,1/4,FEF,27,n,n,n,,,,x,x,x,x,x,x,x,x,x,,x,,,
Victoro Cassalanter,Medium,Humanoid,Half-Elf,Lawful evil,,10,WDH,218,y,n,n,,,,,,,,,,,,,,ø,,,
Vila,Medium,Fey,,Lawful neutral,,5,ToB,400,y,n,n,,,,,,,ø,,,,,,,,,,
Vile Barber (Siabhra),Small,Fey,,Chaotic evil,,2,ToB,401,n,n,n,,,,,,,,,,,,,,,,,
Vine Blight,Medium,Plant,,Neutral evil,,1/2,MM,32,n,n,n,,,,,,,x,,,,,,,,,,
Vine Lord,Medium,Plant,,Lawful neutral,,7,ToB,402,n,n,n,,,,,,,ø,,,,ø,,,,,,
Vine Terror,Large,Plant,,Unaligned,,3,MaDC,224,n,n,n,,,,,,,ø,,,,,,,,,,
Vine Troll Skeleton,Large,Plant,,Unaligned,,9,ToB,351,n,n,n,,,,,,,ø,,,,ø,,,,,,
Vines of Nemthyr,Large,Plant,,Neutral evil,,8,CC,371,n,n,n,,,,,,,,,,,,,,,,,
Violet Fungus,Medium,Plant,,Unaligned,,1/4,MM,138,n,n,n,,,,,,,,,,,,x,,,,,
Virulent Sliver,Large,Monstrosity,Sliver,Neutral evil,,3,MaDC,189,n,n,n,,,,,ø,,ø,ø,ø,ø,ø,ø,,,,,
Vladimir Horngaard,Medium,Undead,,Lawful evil,,7,CoS,241,n,n,n,,,,,,,,,,,,,,ø,,,
Vodyanoy,Medium,Monstrosity,,Chaotic neutral,,5,MaDC,225,y,n,n,,,,,,,ø,,,,ø,,,,,,
Void Cultist,Medium,Humanoid,,Neutral evil,,1/2,CC,407,n,n,n,,,,x,x,x,x,x,x,x,x,x,x,x,,,
Void Dragon Wyrmling,Medium,Dragon,,Chaotic neutral,,2,ToB,140,n,n,n,,,,,,,,,,,,,,,ø,,
Void Giant,Huge,Giant,,Chaotic neutral,,11,CC,187,y,n,n,"Void Casting, Spellcasting","Multiattack, Slam",Magic Absorption,,,,,,,,,,,,,,
Void Speaker,Medium,Humanoid,,Neutral evil,,7,CC,408,y,n,n,,,,,,,,,,,,,,,,,
Voidling,Large,Aberration,,Chaotic evil,,11,ToB,404,y,n,n,,,,,,,,,,,,,,,ø,,
Voidwracked Mage,Medium,Humanoid,,Chaotic evil,,8,CC,409,y,n,n,,,,,,,,,,,,,,,,,
"Volothamp ""Volo"" Geddarm",Medium,Humanoid,Human,Chaotic good,,1/4,ToA,235,n,n,n,,,,,,,,,,,,,,,,,
"Volothamp ""Volo"" Geddarm",Medium,Humanoid,Human,Chaotic good,,1/4,WDH,218,y,n,n,,,,,,,,,,,,,,ø,,,
Volt,Small,Aberration,,Unaligned,,1/4,FEF,241,n,n,n,,,,,,,,,,,,x,,,,,
Vorin,Huge,Monstrosity,Aquatic,Chaotic evil,,9,FEF,242,n,n,n,,,,,,,,,,,x,,,,,,
Vrock,Large,Fiend,Demon,Chaotic evil,,6,MM,64,n,n,n,,,,,,,,,,,,,,,ø,,
Vulchling,Medium,Monstrosity,,Chaotic evil,,1/8,FEF,243,n,n,n,,,,,,,,,,,,x,,,,,
Vulture,Medium,Beast,,Unaligned,,0,MM,339,n,n,n,,,,,,x,,x,x,,,,,,,,
Walking Statue of Waterdeep,Gargantuan,Construct,,Unaligned,,18,WDH,219,n,n,n,,,,,,,,,,,,,,ø,,,
Wampus Cat,Medium,Monstrosity,,Chaotic neutral,,1,ToB,405,y,n,n,,,,,,,ø,,,,,,,,,,
War,Medium,Fiend,,Neutral evil,,20,MaDC,129,n,n,n,,,,,,,,,,,,,,,ø,,
War Chaplain,Medium,Humanoid,,Any lawful,,3,CC,410,y,n,n,,,,,,,,,,,,,,,,,
War Machine Golem,Gargantuan,Construct,,Unaligned,,18,CC,205,n,n,n,,,,,,,,,,,,,,,,,
War Mage,Medium,Humanoid,Human,Unaligned,,2,MaDC,90,y,n,n,,,,,,,,,,,,,,ø,,,
War Ostrich,Large,Beast,,Unaligned,,1/2,ToB,307,n,n,n,,,,,,ø,,ø,,,,,,,,,
War Pig,Huge,Beast,,Unaligned,,4,MaDC,143,n,n,n,,,,ø,,,ø,ø,ø,ø,ø,ø,,,,,
War Priest,Medium,Humanoid,Any Race,Any alignment,,9,VGtM,218,y,n,n,,,,,,x,,,,,,,,x,,,
War Priest,Medium,Humanoid,,Any,,8,CC,411,y,n,n,,,,,,,,,,,,,,,,,
War Titan,Huge,Fiend,Titan,Any chaotic,,16,MaDC,226,n,y,n,,,,,ø,ø,,ø,,,,,,,,,
War Troll,Large,Giant,,Chaotic evil,,9,MaDC,213,n,n,n,,,,,ø,ø,,ø,,,,,,,,,
War Wyvern,Large,Dragon,Dragon,Unaligned,,7,CC,386,n,n,n,,,,,,,,,,,,,,,,,
Warhorse,Large,Beast,,Unaligned,,1/2,MM,340,n,n,n,,,,,,,,,,,,,,x,,,
Warhorse Skeleton,Large,Undead,,Lawful evil,,1/2,MM,272,n,n,n,,,,,,,,,,,,,,x,,,
Warlock of the Arcfey,Medium,Humanoid,Any Race,Any alignment,,4,VGtM,219,y,n,n,,,,x,,,,,,x,x,,,x,,,
Warlock of the Fiend,Medium,Humanoid,Any Race,Any alignment,,7,VGtM,219,y,n,n,,,,x,,x,,,,,,x,,x,,,
Warlock of the Great Old One,Medium,Humanoid,Any Race,Any alignment,,6,VGtM,220,y,n,n,,,,x,,,,,x,x,,x,,x,,,
Warlock's Trumpetbloom,Large,Plant,,Neutral evil,,7,CC,372,n,n,n,,,,,,,,,,,,,,,,,
Warlord,Medium,Humanoid,Any Race,Any alignment,,12,VGtM,220,n,y,n,,,,,,,,,,,,,,x,,,
Wasteland Dragon Wyrmling,Medium,Dragon,Dragon,Chaotic evil,,3,CC,118,n,n,y,,"Bite, Warped Energy Breath",,,,,,,,,,,,,,,
Wastrilith,Large,Fiend,Demon,Chaotic evil,,13,MToF,139,n,n,n,,,,,x,,,,,,x,x,x,,ø,,
Water Elemental,Large,Elemental,,Neutral,,5,MM,125,n,n,n,,,,,x,,,,,,x,,x,,,,
Water Elemental Myrmidon,Medium,Elemental,Water,Neutral,,7,PotA,213,n,n,n,,,,,,,,,,,,,,,,,
Water Elemental Myrmodon,Medium,Elemental,,Neutral,,7,MToF,203,n,n,n,,,,ø,ø,,ø,ø,,,ø,ø,ø,ø,ø,,
Water Horse,Medium,Fey,Shapechanger,Neutral evil,,4,CC,373,n,n,n,,,,,,,,,,,,,,,,,
Water Leaper,Large,Monstrosity,,Unaligned,,4,ToB,406,n,n,n,,,,,ø,,ø,,,,,,ø,,,,
Water Weird,Large,Elemental,,Neutral,,3,MM,299,n,n,n,,,,,,,,,,,,ø,ø,ø,,,
Weasel,Tiny,Beast,,Unaligned,,0,MM,340,n,n,n,,,,,,,ø,ø,ø,,,,,,,,
Web Troll,Large,Giant,,Chaotic evil,,3,MaDC,214,n,n,n,,,,,,,ø,,,,,ø,,,,,
Weeping Treant,Huge,Plant,,Neutral,,6,ToB,388,n,n,n,,,,,,,ø,,,,ø,,,,,,
Weirding Scroll,Tiny,Construct,,Unaligned,,1/2,CC,376,n,n,n,,,,x,x,x,x,x,x,x,x,x,x,x,,,
Wendigo,Medium,Monstrosity,,Chaotic evil,,11,CC,377,n,n,n,,,,,,,,,,,,,,,,,
Were-mist,Large,Aberration,,Chaotic evil,,2,FEF,245,n,n,n,,,,x,x,x,x,x,x,x,x,x,,x,,,
Werebat,Small,Humanoid,"Goblin, Shapechanger",Neutral evil,,2,WDotMM,317,n,n,n,,,,,,,,,,,,ø,,,,,
Werebat,Medium,Humanoid,"Human, Shapechanger",Lawful evil,,3,CC,258,n,n,n,,,,,,,,,,,,,,,,,
Werebear,Medium,Humanoid,"Shapechanger, Human",Neutral good,,5,MM,208,n,n,n,,,,x,,,x,,x,,,,,,,,
Wereboar,Medium,Humanoid,"Shapechanger, Human",Neutral evil,,4,MM,209,n,n,n,,,,,,,x,x,x,,,,,,,,
Weredactyl,Medium,Humanoid,Shapechanger,Neutral evil,,2,FEF,246,n,n,n,,,,,,,x,x,x,,,,,,,,
Werehyena,Medium,Humanoid,"Gnoll, Shapechanger",Chaotic evil,,3,CC,259,n,n,n,,,,,,,,,,,,,,,,,
Wererat,Medium,Humanoid,"Shapechanger, Human",Lawful evil,,2,MM,209,n,n,n,,,,,,,x,,,,,,,,,,
Wereraven,Medium,Humanoid,"Human, Shapechanger",Lawful good,,2,CoS,242,n,n,n,,,,,,,,,,,,,,,,,
Weretiger,Medium,Humanoid,"Shapechanger, Human",Neutral,,4,MM,210,n,n,n,,,,,,x,x,x,,,,,,,,,
Werewolf,Medium,Humanoid,"Shapechanger, Human",Chaotic evil,,3,MM,211,n,n,n,,,,,,,x,,x,,,,,,,,
Werewolf Alpha,Medium,Humanoid,"Shapechanger, Human",Chaotic evil,,9,MaDC,227,n,y,n,,,,,,,ø,,ø,,,,,,,,
Wharfling,Tiny,Beast,,Unaligned,,1/8,ToB,407,n,n,n,,,,,ø,,,,,,,,,ø,,,
Wharfling Swarm,Large,Beast,Swarm,Unaligned,,4,ToB,407,n,n,n,,,,,ø,,,,,,,,,ø,,,
Whisperer in Darkness,Medium,Aberration,,Neutral evil,,15,CC,378,y,n,n,,,,,,,,,,,,,,,,,
White Abishai,Medium,Fiend,Devil,Lawful evil,,6,MToF,163,n,n,n,,,,,,,,,,,,,,x,ø,,
White Ape,Large,Monstrosity,,Neutral,,6,ToB,408,n,n,n,,,,ø,,,ø,ø,ø,,,,,,,,
White dracolisk,Large,Dragon,,Unaligned,,7,FEF,85,n,n,n,,,,x,,,,,,x,,x,,,,,
White Dragon Wyrmling,Medium,Dragon,,Chaotic evil,,2,MM,102,n,n,n,,,,x,,,,,,,,,,,,,
White Maw,Gargantuan,Ooze,,Chaotic neutral,,10,TftYP,248,n,n,n,,,,,,,,,,,,,,,,,
White Stag,Large,Celestial,,Chaotic good,,2,CC,379,n,n,n,,,,,,,,,,,,,,,,,
Wickerman,Huge,Construct,,Neutral evil,,9,CC,380,n,n,n,,,,,,,,,,,,,,,,,
Widow creeper,Large,Plant,,Unaligned,,10,FEF,247,n,n,n,,,,,,,x,,,,,,,,,,
Wiggan Nettlebee,Small,Humanoid,Halfling,Neutral evil,,2,PotA,211,y,n,n,,,,,,,,,,,,,,,,,
Wight,Medium,Undead,,Neutral evil,,3,MM,300,n,n,n,,,,,,x,,,,,x,x,,x,,,
Wight Walker,Medium,Undead,,Neutral evil,,6,MaDC,228,n,n,n,,,,,,ø,,,,,ø,ø,,ø,,,
Will-o-wisp,Tiny,Undead,,Chaotic evil,,2,MM,301,n,n,n,,,,,,,x,,,,x,,,x,,,
Wind Demon,Small,Fiend,Demon,Chaotic evil,,2,CC,93,n,n,n,"Arrow Bane, Magic Resistance","Multiattack, Frost Claw",Swift as Frost,,,,,,,,,,,,,,
Wind Dragon Wyrmling,Medium,Dragon,,Chaotic neutral,,1,ToB,145,n,n,n,,,,,,,,,,ø,,,,,,,
Wind Weasel,Medium,Fey,Shapechanger,Chaotic neutral,,2,CC,375,n,n,n,,,,,,,,,,,,,,,,,
Wind's Harp,Medium,Fiend,Devil,Lawful evil,,4,CC,105,n,n,n,"False Appearance, Magic Resistance, Strong Winds","Multiattack, Infernal Noise, Hellish Chorus",Diabolical Countersong,,,,,,,,,,,,,,
Windharrow,Medium,Humanoid,Half-Elf,Neutral evil,,3,PotA,192,y,n,n,,,,,,,,,,,,,,,,,
Wing Eater,Medium,Undead,,Lawful evil,,2,CC,381,y,n,n,,,,,,,,,,,,,,,,,
Winged Ape,Medium,Monstrosity,,Neutral,,2,MaDC,229,n,n,n,,,,,,,,,,ø,,,,,,,
Winged Kobold,Small,Humanoid,Kobold,Lawful evil,,1/4,MM,195,n,n,n,,,,x,x,x,x,,x,x,x,x,,x,,,
Winged Sliver,Large,Monstrosity,Sliver,Neutral evil,,3,MaDC,189,n,n,n,,,,,ø,,ø,ø,ø,ø,ø,ø,,,,,
Winged Thrull,Small,Construct,,Unaligned,,1/2,GGtR,221,n,n,n,,,,,,,,,,,,,,ø,,,
Winter Eladrin,Medium,Fey,Elf,Chaotic neutral,,10,MToF,197,y,n,n,,,,x,,,x,,,,,,,,,,
Winter Sprite,Tiny,Fey,,Neutral,,1,MaDC,230,y,n,n,,,,ø,,,,,,,,,,,,,
Winter Wolf,Large,Monstrosity,,Neutral evil,,3,MM,340,n,n,n,,,,x,,,x,,x,,,,,,,,
Wirbeln Fungi,Small,Plant,Fungi,Lawful neutral,,1,CC,166,n,n,n,Natural Appearance,"Poison Needle, Poison Dart, Spore Cloud",,,,,x,,,,x,x,,,,,
Witch Derro,Small,Humanoid,Derro,Chaotic evil,,5,CC,97,y,n,n,"Hightened Spell, Magic Resistance, Sunlight Sensitivity, Spellcasting lvl 4",Maddening Scimitar,,,,,,,,,,,,,,,
Witch grass,Small,Plant,,Unaligned,,0,FEF,248,n,n,n,,,,,,,x,x,x,,x,,,,,,
Witchlight,Tiny,Construct,,Neutral,,1/4,ToB,409,n,n,n,,,,,,,ø,,ø,ø,ø,ø,,,,,
Witherstench,Small,Monstrosity,,Unaligned,,0,FEF,249,n,n,n,,,,,,,x,x,x,,,,,,,,
Wizard Kobold,Small,Humanoid,Kobold,Lawful neutral,,5,CC,241,y,n,n,,,,,,,,,,,,,,,,,
Wolf,Medium,Beast,,Unaligned,,1/4,LMoP,63,n,n,n,,,,,,,ø,ø,ø,,,,,,,,
Wolf,Medium,Beast,,Unaligned,,1/4,MM,341,n,n,n,,,,,,,x,x,x,,,,,,,,
Wolf Reaver Dwarf,Medium,Humanoid,Dwarf,Any chaotic,,3,ToB,426,n,n,n,,,,,,,,,ø,ø,,ø,,ø,,,
Wolf Spirit Swarm,Large,Undead,Swarm,Neutral evil,,6,ToB,377,n,n,n,,,,ø,,,ø,,,,,,,,,,
Wolfwere,Medium,Monstrosity,Shapechanger,Chaotic evil,,1,FEF,230,n,n,n,,,,x,,,x,x,x,,,x,,,,,
Wolpertinger,Tiny,Monstrosity,,Unaligned,,1/4,CC,382,n,n,n,,,,,,,x,,,,,,,,,,
Wood Golem,Small,Construct,,Unaligned,,3,CC,201,n,n,n,,,,,,,,,,,,,,,,,
Wood Woad,Medium,Plant,,Lawful neutral,,5,VGtM,198,n,n,n,,,,,,,x,,,,,,,,,,
Wooden golem,Medium,Construct,,Unaligned,,3,FEF,129,n,n,n,,,,x,x,x,x,x,x,x,x,x,,x,,,
Woodwose,Medium,Humanoid,,Chaotic neutral,,1/2,CC,383,y,n,n,,,,,,,x,,,,,,,,,,
Woolly rhinoceros,Large,Beast,,Unaligned,,6,FEF,186,n,n,n,,,,x,,,x,x,,,x,,,,,,
Worg,Large,Monstrosity,,Neutral evil,,1/2,MM,341,n,n,n,,,,,,,x,x,x,,,,,,,,
Wormhearted Suffragan,Medium,Undead,,Chaotic evil,,5,ToB,410,y,n,n,,,,,,,,ø,ø,ø,,,,,,,
Wraith,Medium,Undead,,Neutral evil,,5,MM,302,n,n,n,,,,,,,,,,,,x,,,,,
Wurm,Huge,Monstrosity,,Unaligned,,14,GGtR,225,n,n,n,,,,,,,,,,ø,,ø,,ø,,,
Wyvern,Large,Dragon,,Unaligned,,6,MM,303,n,n,n,,,,,,,,,x,x,,,,,,,
Wyvern Knight,Medium,Humanoid,,Lawful evil,,5,CC,385,n,n,n,,,,,,,,,,,,,,,,,
Wyvern-Rider,Medium,Humanoid,Half-elf,Unaligned,,9,MaDC,92,n,n,n,,,,,,,,,,,,,,ø,,,
Xandala,Medium,Humanoid,Half-elf,Neutral evil,,7,ToA,236,y,n,n,,,,,,,,,,,,,,,,,
Xanka,Small,Construct,,Unaligned,,1/4,ToB,411,n,n,n,,,,,,,,,,,,ø,,ø,,,
Xenabsorber,Medium,Aberration,,Chaotic neutral,,3,CC,387,n,n,n,,,,,,,,,,,,,,,,,
Xhkarsh,Large,Aberration,,Neutral evil,,8,ToB,412,n,n,n,,,,,,,,,,,,,,,ø,,
Xiphus,Small,Fey,,Chaotic evil,,5,CC,388,n,n,n,,,,,,,,,,,,,,,,,
Xorn,Medium,Elemental,,Neutral,,5,MM,304,n,n,n,,,,,,,,,,,,x,,,,,
Xvart,Small,Humanoid,Xvart,Chaotic evil,,1/8,VGtM,200,n,n,n,,,,,,,,,x,,,x,,,,,
Xvart Warlock of Raxivort,Small,Humanoid,Xvart,Chaotic evil,,1,VGtM,200,y,n,n,,,,,,,,,x,,,x,,,,,
Yaga Goo,Small,Ooze,,Neutral evil,,5,CC,389,n,n,n,,,,,,,,,,,,,,,,,
Yagnoloth,Large,Fiend,Yugoloth,Neutral evil,,11,MToF,252,y,n,n,,,,,,,,,,,,,,x,ø,,
Yakfolk Priest,Large,Monstrosity,,Neutral evil,,4,SKT,245,y,n,n,,,,,,,,,,,,,,,,,
Yakfolk Warrior,Large,Monstrosity,,Neutral evil,,3,SKT,244,n,n,n,,,,,,,,,,,,,,,,,
Yakirian,Medium,Humanoid,Yakirian,Lawful neutral,,2,CC,390,n,n,n,,,,,,,,,,,,,,,,,
Yan-C-Bin,Huge,Elemental,,Neutral evil,,18,PotA,220,y,y,y,,,,,,,,,,,,,,,,,
Yann-An-Oed,Huge,Aberration,,Neutral,,2,CC,391,n,n,n,,,,,,,,,,,,,,,,,
Ychen Bannog,Gargantuan,Beast,,Unaligned,,11,ToB,413,n,n,n,,,,ø,ø,ø,ø,ø,ø,ø,ø,,,,,,
Yeenoghu,Huge,Fiend,"Demon, Lord",Chaotic evil,,24,MToF,155,y,y,y,,,,,,,,,,,,,,,ø,,
Yeenoghu,Huge,Fiend,Demon,Chaotic evil,,24,OotA,247,y,y,y,,,,,,,,,,,,,,,ø,,
Yek,Small,Fiend,Demon,Chaotic evil,,4,CC,95,n,n,n,"Devouring Swarm, Magic Resistance, Pack Tactics","Multiattack, Bite, Claw",,,,,,,,,,,,,,,
Yellow musk creeper,Large,Plant,,Unaligned,,1,FEF,250,n,n,n,,,,,,,x,,,,x,x,,,,,
Yellow Musk Creeper,Medium,Plant,,Unaligned,,2,ToA,237,n,n,n,,,,,,,ø,,,,ø,ø,,,,,
Yellow musk zombie,Medium,Plant,,Neutral evil,,1/4,FEF,251,n,n,n,,,,,,,x,,,,x,x,,,,,
Yellow Musk Zombie,Medium,Plant,,Unaligned,,1/2,ToA,237,n,n,n,,,,,,,ø,,,,ø,ø,,,,,
Yestabrod,Large,Monstrosity,,Chaotic evil,,4,OotA,233,n,y,n,,,,,,,,,,,,,,,,,
Yeth Hound,Large,Fey,,Neutral evil,,4,VGtM,201,n,n,n,,,,,,,x,x,x,,,,,,,,
Yeti,Large,Monstrosity,,Chaotic evil,,3,MM,305,n,n,n,,,,x,,,,,,,,,,,,,
Yochlol,Medium,Fiend,"Shapechanger, Demon",Chaotic evil,,10,MM,65,y,n,n,,,,,,,,,,,,,,,ø,,
Young Black Dragon,Large,Dragon,,Chaotic evil,,7,MM,88,n,n,n,,,,,,,,,,,x,,,,,,
Young Blue Dragon,Large,Dragon,,Lawful evil,,9,MM,91,n,n,n,,,,,x,x,,,,,,,,,,,
Young Brass Dragon,Large,Dragon,,Chaotic good,,6,MM,105,n,n,n,,,,,,x,,,,,,,,,,,
Young Bronze Dragon,Large,Dragon,,Lawful good,,8,MM,108,n,n,n,,,,,x,,,,,,,,,,,,
Young Cave Dragon,Large,Dragon,,Neutral evil,,8,ToB,127,y,n,n,,,,,,,,,,,,ø,,,,,
Young Copper Dragon,Large,Dragon,,Chaotic good,,7,MM,111,n,n,n,,,,,,,,,x,,,,,,,,
Young Faerie Dragon,Tiny,Dragon,,Chaotic good,,1,MM,133,y,n,n,,,,,,,x,,,,,,,,,,
Young Flame Dragon,Large,Dragon,,Chaotic evil,,9,ToB,130,n,n,n,,,,,,,,,ø,ø,,,,,,,
Young Gold Dragon,Large,Dragon,,Lawful good,,10,MM,115,n,n,n,,,,,,,x,x,,,,,,,,,
Young Green Dragon,Large,Dragon,,Lawful evil,,8,LMoP,63,n,n,n,,,,,,,ø,,,,,,,,,,
Young Green Dragon,Large,Dragon,,Lawful evil,,8,MM,94,n,n,n,,,,,,,x,,,,,,,,,,
Young Kruthik,Small,Monstrosity,,Unaligned,,1/8,MToF,211,n,n,n,,,,,,x,,,,x,,x,,,,,
Young Light Dragon,Large,Dragon,Dragon,Neutral good,,7,CC,114,n,n,y,"Illumination, Incorporeal Movement, Void Traveler","Bire, Breath Weapon",,,,,,,,,,,,,,,
Young Mithral Dragon,Medium,Dragon,,Neutral,,6,ToB,134,y,n,n,,,,,,,,,,,,ø,,,,,
Young Phoenix,Medium,Monstrosity,,Lawful good,,4,MaDC,162,y,n,n,,,,,,ø,,,,ø,,,,,,,
Young Red Dragon,Large,Dragon,,Chaotic evil,,10,MM,98,n,n,n,,,,,,,,,x,x,,,,,,,
Young Red Shadow Dragon,Large,Dragon,,Chaotic evil,,13,MM,85,n,n,n,,,,,,,,,,,,x,,,,,
Young Remorhaz,Large,Monstrosity,,Unaligned,,5,MM,258,n,n,n,,,,x,,,,,,,,,,,,,
Young Sea Dragon,Large,Dragon,,Neutral evil,,9,ToB,137,n,n,n,,,,,,,,,,,,,ø,,,,
Young Silver Dragon,Large,Dragon,,Lawful good,,9,MM,118,n,n,n,,,,,,,,,,x,,,,x,,,
Young Spinosaurus,Huge,Beast,Dinosaur,Unaligned,,5,ToB,117,n,n,n,,,,,ø,,ø,,,,ø,,,,,,
Young Void Dragon,Large,Dragon,,Chaotic neutral,,9,ToB,140,n,n,n,,,,,,,,,,,,,,,ø,,
Young Wasteland Dragon,Large,Dragon,Dragon,Chaotic evil,,9,CC,118,n,n,y,,"Multiattack, Bite, Claw, Warped Energy Breath",,,,,,,,,,,,,,,
Young White Dragon,Large,Dragon,,Chaotic evil,,6,MM,101,n,n,n,,,,x,,,,,,,,,,,,,
Young Wind Dragon,Large,Dragon,,Chaotic neutral,,6,ToB,144,y,n,n,,,,,,,,,,ø,,,,,,,
Yuan-Ti Abomination,Large,Monstrosity,"Shapechanger, Yuan-TI",Neutral evil,,7,MM,308,y,n,n,,,,,,x,x,,,,x,,,x,,,
Yuan-Ti Anathema,Huge,Monstrosity,"Shapechanger, Yuan-TI",Neutral evil,,12,VGtM,202,y,n,n,,,,,,x,x,,,,x,,,,,,
Yuan-ti Broodguard,Medium,Humanoid,Yuan-ti,Neutral evil,,2,ToA,238,n,n,n,,,,,,,,,,,,,,,,,
Yuan-Ti Broodguard,Medium,Humanoid,"Shapechanger, Yuan-Ti",Neutral evil,,2,VGtM,203,n,n,n,,,,,,x,x,,,,x,,,,,,
Yuan-Ti Malison,Medium,Monstrosity,"Shapechanger, Yuan-TI",Neutral evil,,3,MM,309,y,n,n,,,,,,x,x,,,,x,,,,,,
Yuan-Ti Mind Whisperer,Medium,Monstrosity,"Shapechanger, Yuan-TI",Neutral evil,,4,VGtM,204,y,n,n,,,,,,x,x,,,,x,,,,,,
Yuan-ti Nightmare Speaker,Medium,Monstrosity,"Shapechanger, Yuan-Ti",Neutral evil,,4,ToA,239,y,n,n,,,,,,ø,ø,,,,ø,,,,,,
Yuan-Ti Nightmare Speaker,Medium,Monstrosity,"Shapechanger, Yuan-TI",Neutral evil,,4,VGtM,205,y,n,n,,,,,,x,x,,,,x,,,,,,
Yuan-Ti Pit Master,Medium,Monstrosity,"Shapechanger, Yuan-TI",Neutral evil,,5,VGtM,206,y,n,n,,,,,,x,x,,,,x,,,,,,
Yuan-Ti Pureblood,Medium,Humanoid,"Shapechanger, Yuan-Ti",Neutral evil,,1,MM,310,y,n,n,,,,,,x,x,,,,x,,,,,,
Yusdrayl,Small,Humanoid,Kobold,Lawful evil,,1,TftYP,248,y,n,n,,,,,,,,,,,,,,,,,
Zaiden,Medium,Fiend,Gnoll,Chaotic evil,,16,MaDC,201,y,y,n,,,,,,ø,ø,ø,ø,,,,,,,,
Zanskaran Viper,Large,Beast,,Unaligned,,1,ToB,354,n,n,n,,,,,,,,ø,,,ø,,,,,,
Zaratan,Gargantuan,Elemental,Elder elemental,Neutral,,22,MToF,201,n,y,n,,,,,,x,x,,,x,,x,,,,,
Zaratan,Gargantuan,Monstrosity,,Unaligned,,26,ToB,414,n,n,n,,,,,ø,,,,,,,,ø,,,,
Zariel,Large,Fiend,"Devil, Archdevil",Lawful evil,,26,MToF,180,y,y,y,,,,,,,,,,,,,,,ø,,
Zegana,Medium,Humanoid,Merfolk,Lawful neutral,,16,GGtR,255,y,y,n,,,,,,,,,,,,,ø,ø,,,
Zergling,Small,Monstrosity,,Unaligned,,1/2,MaDC,232,n,n,n,,,,,,,,,,ø,,ø,,,,,
Zimwi,Medium,Giant,,Chaotic evil,,4,ToB,415,n,n,n,,,,,,ø,,ø,,,ø,,,,,,
Zindar,Medium,Humanoid,Half-Dragon,Lawful good,,8,ToA,239,y,n,n,,,,,,,,,,,,,,,,,
Ziphius,Gargantuan,Aberration,,Neutral,,8,CC,392,n,n,n,,,,,,,,,,,,,,,,,
Ziraj the Hunter,Medium,Humanoid,Half-Orc,Neutral evil,,8,WDH,201,y,n,n,,,,,,,,,,,,,,ø,,,
Zmey,Huge,Dragon,,Chaotic evil,,14,ToB,416,n,y,n,,,,,,,ø,,,,ø,ø,ø,,,,
Zombie,Medium,Undead,,Neutral evil,,1/4,LMoP,63,n,n,n,,,,,,,,,,,,,,,,,
Zombie,Medium,Undead,,Neutral evil,,1/4,MM,316,n,n,n,,,,,,,,,,,,,,x,,,
Zombie raven,Tiny,Undead,,Chaotic evil,,0,FEF,252,n,n,n,,,,x,x,x,x,x,x,x,x,x,,x,,,
Zombie Troll,Large,Undead,,Chaotic evil,,5,MaDC,215,n,n,n,,,,,,,,,,,ø,ø,,,,,
Zoog,Tiny,Aberration,,Chaotic evil,,0,CC,396,n,n,n,,,,,,,,,,,,x,,x,,,
Zorbo,Small,Monstrosity,,Unaligned,,1/2,ToA,241,n,n,n,,,,,,,,,,,,,,,,,
Zoryas,Medium,Celestial,Angel,Lawful good,,8,CC,21,n,n,n,,,,,,,,,,,,,,,,,
Zuggtmoy,Large,Fiend,"Demon, Lord",Chaotic evil,,23,MToF,156,y,y,y,,,,,,,,,,,,,,,ø,,
Zuggtmoy,Large,Fiend,Demon,Chaotic evil,,23,OotA,249,y,y,y,,,,,,,,,,,,,,,ø,,
"Zyz, Scourge of the Skies",Colossal,Beast,,Neutral,,30,MaDC,126,n,y,n,,,,,,,,,,,,,,,ø,,